"scale","mean.of.class","lc","tmax","tmin"
1,159.54012123468,0.0433446605305541,0.218501163585388,0.267973778788531
1,380.93921696154,0.0202231571175044,0.0497662170678083,0.103756389254869
1,627.764164894765,0.0309401076380829,0.0789274634384968,0.0770686091954986
1,875.015934200236,0.0160754620127088,-0.0282340835863346,0.0129129155351719
1,1123.5835653593,-0.00306573978640803,-0.0503200301668764,-0.0391586838808802
1,1372.56010158368,0.00681494415704349,-0.113229334690779,-0.0569651819532715
1,1620.53270288158,-0.0079550764037851,-0.0863460712577637,-0.0796409321946591
1,1868.9284374903,-0.0214166447538841,-0.0211602066000685,-0.0721724654108342
1,2121.81119731742,-0.0089160400234061,0.0396188262809547,-0.0390142894374355
1,2374.46368401308,-0.0673770723167676,0.10358186455471,0.0293347979724415
1,2625.47654854464,-0.0612059642098558,0.0855810768127857,0.0513784106137359
1,2873.89684418561,-0.0159803249962212,0.0931485186369784,0.0428765713800074
1,3121.45453514542,-0.0337173386717008,-0.0233540311042702,-0.0768948164281018
1,3368.43151214885,-0.0368353686547863,-0.0618877480895011,0.13328482954931
1,3621.52700118323,-0.00897347674051151,-0.328977633158701,-0.385149596556723
1,3861.61456489457,-0.0174950223959184,0.00787114708666694,-0.456927688842442
1,4096.79361470746,0.0410334527569972,0.224537430877862,-0.218207326171529
1,4366.52855298473,0.0402113444024765,-0.496914067248073,-0.684975033720221
1,4602.39982839795,0.0790672373377981,1.17067823755117,-0.705689627520686
1,4829.86584052588,-0.212289395784262,1.34432089706399,-1.09949357326703
1,5033.31210917219,NA,NA,NA
2,159.54012123468,0.117002755928211,0.252373205928041,0.290844403212984
2,380.93921696154,0.048124094246008,0.0744066022182271,0.116110225019541
2,627.764164894765,0.0422273810863232,0.0650481428079451,0.0923151376428979
2,875.015934200236,0.0203372088619265,-0.0276760976794102,0.0187052959316935
2,1123.5835653593,0.0092663224268097,-0.0706979217817857,-0.0479326186017644
2,1372.56010158368,0.0170359754329396,-0.118540300777661,-0.0578520427106972
2,1620.53270288158,-0.00799444835802033,-0.0822989110089482,-0.0881236416637081
2,1868.9284374903,-0.0600526135189319,-0.0144485675408417,-0.0750371807373495
2,2121.81119731742,-0.0710268473413453,0.0616582309152651,-0.031702370276236
2,2374.46368401308,-0.0948153992161282,0.127718507133496,0.0461450017431326
2,2625.47654854464,-0.0728652675319158,0.0959818523650795,0.0581823968200758
2,2873.89684418561,-0.0100379911027445,0.0649467382922053,0.0583666285222801
2,3121.45453514542,-0.076498686511581,-0.0290338166857426,-0.10549876079493
2,3368.43151214885,-0.0309379130729342,-0.121808608953693,0.067668356471944
2,3621.52700118323,-0.0138128123881806,-0.301688233721456,-0.316153501576769
2,3861.61456489457,-0.0224692322150068,0.0359700902904591,-0.514400013191165
2,4096.79361470746,-0.0214002912685172,0.34752324945868,-0.25988505473405
2,4366.52855298473,0.0393346751896565,-0.339807750004185,-0.682242956953542
2,4602.39982839795,0.121002273749073,1.44757216752679,-0.779490940287547
2,4829.86584052588,-0.210240555271548,1.63182281662344,-1.25902198595333
2,5033.31210917219,NA,NA,NA
3,159.54012123468,0.139978833724185,0.279714395904649,0.300593585956671
3,380.93921696154,0.0762090320485354,0.0499775842578869,0.1044246215091
3,627.764164894765,0.087230348350517,0.0614418334773166,0.0756890526802136
3,875.015934200236,0.0533298103521138,-0.0262390550021089,0.0025623850672808
3,1123.5835653593,0.0461762642524824,-0.0724142373460393,-0.0570069124553384
3,1372.56010158368,0.0290826887780177,-0.10909780287143,-0.0589604725015481
3,1620.53270288158,-0.0142506413556742,-0.0773035869711175,-0.0974315707864348
3,1868.9284374903,-0.0931884337120063,0.00330912876042256,-0.0758727274600181
3,2121.81119731742,-0.118274371176478,0.059594639909852,-0.0254593101799812
3,2374.46368401308,-0.176646236007707,0.118217187767881,0.0481422703772801
3,2625.47654854464,-0.128448164643883,0.102839791929735,0.0546890725256441
3,2873.89684418561,-0.111490096942817,0.0686869547329007,0.0554800623422217
3,3121.45453514542,-0.0974384337829975,-0.0415508784053846,-0.0666332485163075
3,3368.43151214885,-0.0362306801560152,-0.139408084947985,0.154516037500807
3,3621.52700118323,-0.0550448343945106,-0.28994339534043,-0.216773297582665
3,3861.61456489457,-0.00651568950330246,0.0241530989664762,-0.471259863533257
3,4096.79361470746,0.0619376697724392,0.2333336878072,-0.250191571864451
3,4366.52855298473,0.0535207024025426,-0.110499845480035,-0.418375798023848
3,4602.39982839795,0.0821400371478,1.02256224213697,-0.870117203091992
3,4829.86584052588,-0.143066742140279,-0.0692622118556897,-0.91950466333583
3,5033.31210917219,NA,NA,NA
4,159.54012123468,0.169130253208558,0.299958086889628,0.348005246892165
4,380.93921696154,0.0831204419379988,0.0504970098345959,0.122678555287258
4,627.764164894765,0.0793054798454375,0.0636543055823706,0.0932912273309275
4,875.015934200236,0.070249507694065,-0.019360101466783,0.000636276827663498
4,1123.5835653593,0.0742735600912412,-0.078910105835754,-0.0679383845687825
4,1372.56010158368,0.0406624489651143,-0.104174092222523,-0.0645707871279674
4,1620.53270288158,-0.0236179583392666,-0.0793775097448509,-0.128412399451124
4,1868.9284374903,-0.113443714360967,-0.0145753987269241,-0.0917063481658518
4,2121.81119731742,-0.11380404163345,0.0488691345711374,-0.022801117531678
4,2374.46368401308,-0.141549829414857,0.11538162793361,0.0580836568365128
4,2625.47654854464,-0.152849333387458,0.126140709163498,0.0725637368466709
4,2873.89684418561,-0.153798561845735,0.0991443882851767,0.0885250881694713
4,3121.45453514542,-0.132105211742386,-0.0263354235943733,-0.0350893085262458
4,3368.43151214885,-0.0696674135070749,-0.163314324251611,0.132215646802481
4,3621.52700118323,-0.0700363536416799,-0.341034969631609,-0.218302296862224
4,3861.61456489457,-0.0307386393335378,-0.0110573137519976,-0.499236564421244
4,4096.79361470746,0.0644387324044443,0.158083526878254,-0.294544999206421
4,4366.52855298473,-0.0565495212202778,0.0189121400988367,-0.48886690505357
4,4602.39982839795,-0.144149062736639,0.382965699304452,-0.909047139146586
4,4829.86584052588,-0.105304295611159,0.265656179481365,0.223239438165043
4,5033.31210917219,-0.180320500530183,0.509027379991658,0.441877280256817
5,159.54012123468,0.176862029466797,0.30027662990137,0.363742299134543
5,380.93921696154,0.0738772540104371,0.0451762290157265,0.121063596549868
5,627.764164894765,0.0715560695514234,0.0342310609015838,0.0761174896872084
5,875.015934200236,0.0668137273774305,-0.0269473059827878,-0.00701094651443272
5,1123.5835653593,0.0726966632315389,-0.0801033449671462,-0.0739426758602932
5,1372.56010158368,0.0416859042679502,-0.0799298114389539,-0.0822391988048083
5,1620.53270288158,-0.0377628156655687,-0.0549370539816343,-0.141861919023685
5,1868.9284374903,-0.0920268969842838,-0.00442496062546436,-0.0989891987022548
5,2121.81119731742,-0.0834691115170667,0.0455929678510154,-0.0235528765584892
5,2374.46368401308,-0.122502397014467,0.103024697019398,0.0543467058397316
5,2625.47654854464,-0.156126249815762,0.126375402406088,0.0895461258819025
5,2873.89684418561,-0.168254539354032,0.0878351677627191,0.0818155355247386
5,3121.45453514542,-0.137349995791216,-0.0458103593676402,-0.0192899524026273
5,3368.43151214885,-0.0835016276083699,-0.219384458197746,0.135279891323046
5,3621.52700118323,-0.0644529515555908,-0.292559742939933,-0.0627129692993572
5,3861.61456489457,-0.00912168420964652,0.0522992460868954,-0.515290559659289
5,4096.79361470746,0.0757044059258778,0.295316886894218,-0.264121193127984
5,4366.52855298473,0.158376698515486,0.1553863795103,0.0782447115495283
5,4602.39982839795,0.191715775066409,0.354510162682281,-0.552836242036744
5,4829.86584052588,-0.0708055182890453,0.51972337970837,0.242356503640206
5,5033.31210917219,-0.150944322940127,0.371047573127899,0.878757744239045
6,159.54012123468,0.197175213894909,0.316480250424697,0.357853972698397
6,380.93921696154,0.0910202288734077,0.0471402439690955,0.130498770464031
6,627.764164894765,0.10755496804455,0.00370942289667452,0.0878120477050183
6,875.015934200236,0.0891273659586489,-0.0348662930584919,-0.00817847133839909
6,1123.5835653593,0.0814179794156302,-0.0725866076525934,-0.0738313093971488
6,1372.56010158368,0.0567855849783887,-0.0610344648638882,-0.101815146294035
6,1620.53270288158,-0.0261121491530425,-0.0499864016277588,-0.152768522629874
6,1868.9284374903,-0.104581822639209,-0.0084582533345503,-0.105520459414469
6,2121.81119731742,-0.107579758593501,0.0268760352964297,-0.0271112715576574
6,2374.46368401308,-0.158587989679462,0.091269450005224,0.0482228788862923
6,2625.47654854464,-0.202106385355596,0.140604074818568,0.0940965749468497
6,2873.89684418561,-0.208535188475425,0.109493643535248,0.100153654218864
6,3121.45453514542,-0.189581751265376,-0.057558034648536,0.00193454235096827
6,3368.43151214885,-0.105993765473485,-0.245026996956355,0.101180831399266
6,3621.52700118323,-0.101424320020603,-0.262825711661216,-0.029764088219917
6,3861.61456489457,-0.0304050839202022,0.0145830264431901,-0.475449493280273
6,4096.79361470746,0.0775607821276652,0.316694443231652,-0.296655222259144
6,4366.52855298473,0.169157769611403,0.230215514555699,-0.20490695836817
6,4602.39982839795,0.309129502016019,0.947623501480645,-0.501587626569215
6,4829.86584052588,0.225317435721221,1.22112814704372,0.189059824924833
6,5033.31210917219,0.187385763438532,2.50526320059904,0.532221035942023
7,159.54012123468,0.195079035362287,0.288745010853821,0.368870145210175
7,380.93921696154,0.0924376297019215,0.0566478701123738,0.144128082020428
7,627.764164894765,0.0962069000763603,-0.0129391912793985,0.0938546933595404
7,875.015934200236,0.0865389888639255,-0.0402814883232053,-0.0107128338972876
7,1123.5835653593,0.0788700029054119,-0.0622237102920708,-0.082150362316421
7,1372.56010158368,0.065433305941441,-0.051943242029716,-0.112784798059607
7,1620.53270288158,-0.0352653729680856,-0.0370232459279614,-0.168882117330765
7,1868.9284374903,-0.117740738331138,-0.0096611450823947,-0.117818500092959
7,2121.81119731742,-0.144102155214723,0.0185224914120379,-0.0320396216701019
7,2374.46368401308,-0.159143214363872,0.0775468545643475,0.0627297419370306
7,2625.47654854464,-0.202888520248386,0.126460013581818,0.0975717472978404
7,2873.89684418561,-0.186228828251829,0.102030969541851,0.111015098612998
7,3121.45453514542,-0.167777968214215,-0.031314124641375,0.0165158427636861
7,3368.43151214885,-0.0690211997730319,-0.2358094714416,0.0999591196214671
7,3621.52700118323,-0.0538212619074962,-0.272565674114229,-0.0189770679481477
7,3861.61456489457,-0.00935079381283974,0.0550720460036912,-0.474893388569896
7,4096.79361470746,0.10546976183202,0.268801814797264,-0.271928871332943
7,4366.52855298473,0.151040103545321,0.27162374977524,-0.212032817780376
7,4602.39982839795,0.300788530135031,0.957727872108279,-0.523368494400851
7,4829.86584052588,0.190780168999974,1.1798876113384,0.207031953022615
7,5033.31210917219,-0.776166813917262,2.01623122991275,0.712627874646423
8,159.54012123468,0.212942601839511,0.243044538149603,0.349956637596666
8,380.93921696154,0.0880231871152559,0.0470002359290337,0.133036304839936
8,627.764164894765,0.0850756641842551,-0.0199012339031693,0.0910167581836371
8,875.015934200236,0.0841082017817589,-0.058224884544891,-0.00842714425969552
8,1123.5835653593,0.0896163449798001,-0.0413896411982924,-0.0822929378611324
8,1372.56010158368,0.0473190679572944,-0.0386333477309304,-0.103244316076808
8,1620.53270288158,-0.0367576170692257,-0.0180116275812399,-0.172567496600892
8,1868.9284374903,-0.108414612855466,0.0145702858877446,-0.124467207749917
8,2121.81119731742,-0.125722924730056,0.00128936263704721,-0.0394380002363951
8,2374.46368401308,-0.143353428143688,0.0525195722919904,0.0491191736260548
8,2625.47654854464,-0.212808223987221,0.082794157101035,0.11165262415354
8,2873.89684418561,-0.188005355455402,0.0753716177020256,0.102700240639046
8,3121.45453514542,-0.16081505171127,-0.0305143203142153,0.0288233055819288
8,3368.43151214885,-0.0601876669577243,-0.218053752773352,0.102914134240448
8,3621.52700118323,-0.0694570592160401,-0.177989584159944,0.0363747127411797
8,3861.61456489457,0.0136900440241226,0.107200510548182,-0.457345497444122
8,4096.79361470746,0.11295067078544,0.469241832202542,-0.243279557343795
8,4366.52855298473,0.124619865697579,0.52191988971107,-0.217125762078058
8,4602.39982839795,0.319955065094247,0.213488044336524,-0.638911182616117
8,4829.86584052588,0.244973320677369,-1.34307660891101,0.029382213338537
8,5033.31210917219,-0.822873919038265,1.82606138555353,0.76778739778676
9,159.54012123468,0.24816835683581,0.238721686915725,0.343364863137753
9,380.93921696154,0.0948898165972793,0.0490933030435289,0.120647011817901
9,627.764164894765,0.0516858656702542,-0.0301215508720314,0.0728101810456691
9,875.015934200236,0.0738466338684043,-0.0846638030868765,-0.00468050315372744
9,1123.5835653593,0.0667980560707383,-0.0288077079067321,-0.0735346742623653
9,1372.56010158368,0.00769920446566195,-0.0218960932154028,-0.0939966467612322
9,1620.53270288158,-0.0367088640971039,-0.00257271629404698,-0.166835520674236
9,1868.9284374903,-0.0828655707126202,0.0125490188314845,-0.113528618395006
9,2121.81119731742,-0.0755346910015902,-0.00578552521769427,-0.0202253448501077
9,2374.46368401308,-0.136725260280695,0.0479028412847509,0.0630776474540949
9,2625.47654854464,-0.229860106802529,0.0777592125799482,0.140559627989533
9,2873.89684418561,-0.145423049414887,0.0740341801922104,0.100447488557505
9,3121.45453514542,-0.135842630456058,-0.0524878682816084,0.00568566405686975
9,3368.43151214885,-0.0265459909300077,-0.226110103324738,0.0914068577303737
9,3621.52700118323,-0.0769643868807687,-0.173468077364444,0.017839314362201
9,3861.61456489457,0.0977589058362131,0.218698211447532,-0.47149674702972
9,4096.79361470746,0.142683009791336,0.630863488957878,-0.260626887874437
9,4366.52855298473,0.15254407013795,0.410469085738278,-0.278924594087446
9,4602.39982839795,0.314236697844835,-0.31467320054622,-0.795545092563025
9,4829.86584052588,0.232179508411516,-2.81307612153136,-0.332819330882518
9,5033.31210917219,-0.87536731166926,1.35918620458583,0.730463972044508
10,159.54012123468,0.236750993367765,0.240334978489069,0.363912717721621
10,380.93921696154,0.0821961268238959,0.0553414062978246,0.124628361199457
10,627.764164894765,0.0347886416217938,-0.032261086477692,0.0619343897937554
10,875.015934200236,0.0581924431825995,-0.0911308630226079,-0.0272186516742854
10,1123.5835653593,0.0471406792665355,-0.027182371826603,-0.0722204920877235
10,1372.56010158368,0.00763411312123022,-0.0126142508886742,-0.0909710833742246
10,1620.53270288158,-0.0372470364389694,0.00699266830385714,-0.171691137892554
10,1868.9284374903,-0.0888173433242686,0.00527379503284288,-0.120988526649471
10,2121.81119731742,-0.0657684604401367,-0.0325608327391527,0.00280900895184515
10,2374.46368401308,-0.111920844280981,0.0347771122217344,0.0747122708752573
10,2625.47654854464,-0.203525222523054,0.0860573015272546,0.141388233332082
10,2873.89684418561,-0.134414102138196,0.0757272911074635,0.102510746579278
10,3121.45453514542,-0.0802247149961922,-0.0389334347562222,0.019925892152845
10,3368.43151214885,0.00211926606985729,-0.231045686980582,0.0746191041358616
10,3621.52700118323,-0.0786052264988858,-0.184342504222987,0.0409203761071744
10,3861.61456489457,0.14278241125211,0.203070155378634,-0.418984001664228
10,4096.79361470746,0.167486076713304,0.722156255702544,-0.236343662666177
10,4366.52855298473,0.173985440690045,0.429188578696555,-0.30742663833298
10,4602.39982839795,0.300699310772822,-0.505891026063876,-0.847773677492719
10,4829.86584052588,0.227378618404684,-3.35749910182313,-0.718859659515829
10,5033.31210917219,-0.91405822308548,1.2981542511238,0.771970395620311
11,159.54012123468,0.263340019828726,0.243398681923499,0.363875247207132
11,380.93921696154,0.0742237283695813,0.066138048093187,0.134453063020585
11,627.764164894765,0.0243738894137903,-0.0240052756195197,0.0625827601559266
11,875.015934200236,0.0454640368477371,-0.0803578246034226,-0.0351747377497197
11,1123.5835653593,0.034318431907101,-0.0299915741554741,-0.0829001352018235
11,1372.56010158368,-0.00252808428563415,-0.0186596477692613,-0.0816406992809169
11,1620.53270288158,-0.0276521142073619,0.0114281987979396,-0.166546896742731
11,1868.9284374903,-0.0666536763807771,-0.00109952375329887,-0.144039986747884
11,2121.81119731742,-0.0772709856158412,-0.0485486075397473,-0.0269562278007319
11,2374.46368401308,-0.130870310917347,0.0179033756876801,0.0637126787498575
11,2625.47654854464,-0.193208541998982,0.0780818029546603,0.140317592729292
11,2873.89684418561,-0.134752899605266,0.0857836201276211,0.108153789845568
11,3121.45453514542,-0.0367879744004002,-0.0324433483364601,0.046405591092819
11,3368.43151214885,0.0315493070648343,-0.234329974595503,0.112293105929211
11,3621.52700118323,-0.104430367085905,-0.236517613777837,0.0652944860361758
11,3861.61456489457,0.150285253879456,0.166957005195904,-0.383403804854476
11,4096.79361470746,0.243165771630864,0.693311154511844,-0.318983575320977
11,4366.52855298473,0.264157899295021,0.816061352915583,-0.205710719013017
11,4602.39982839795,0.381815720675041,-0.416937546174501,-0.778020217662678
11,4829.86584052588,0.213940872817883,-3.43839737385438,-1.05220885716207
11,5033.31210917219,-0.139463415860003,-6.72254623385813,-2.72373982740279
12,159.54012123468,0.2238040984405,0.249311355731968,0.370196158314596
12,380.93921696154,0.0390897280818503,0.0711369429564471,0.142356871106516
12,627.764164894765,0.0181309882123826,-0.0191608987124191,0.0660591863345845
12,875.015934200236,0.0340987945550079,-0.0755621375129419,-0.0414391455755466
12,1123.5835653593,0.0301196752372694,-0.0272216019175719,-0.0840687223972778
12,1372.56010158368,0.0115311486878848,-0.0204070757709817,-0.0911231716451445
12,1620.53270288158,-0.0342383062868568,0.0147898928644325,-0.180114328380783
12,1868.9284374903,-0.0624378243922315,-0.000984125966215877,-0.162237488775343
12,2121.81119731742,-0.0462471927029065,-0.0564582071334615,-0.0430278419396511
12,2374.46368401308,-0.116880124680758,0.013688929556923,0.061045470587404
12,2625.47654854464,-0.131568051348768,0.0675977192917252,0.146791077118977
12,2873.89684418561,-0.11148134165719,0.0861998527505151,0.100377966179596
12,3121.45453514542,-0.0335896542557123,-0.020537158444581,0.0685295509480862
12,3368.43151214885,0.0517500123466516,-0.227237011117531,0.154314709050231
12,3621.52700118323,-0.12774884579953,-0.27254748440177,0.0923070004108687
12,3861.61456489457,0.128481165608287,0.140134213850441,-0.388088335299053
12,4096.79361470746,0.210183738111374,0.678517814394566,-0.332018350397381
12,4366.52855298473,0.250049536614325,0.638841536108854,-0.129363265019471
12,4602.39982839795,0.432499458374889,-0.494991054344477,-0.457820211916775
12,4829.86584052588,0.288736843981252,-2.21478271642097,-0.576392691613601
12,5033.31210917219,-0.0667739674671181,-5.61587084637165,-1.65821378381031
13,159.54012123468,0.188157753057348,0.267202972623391,0.370306724700059
13,380.93921696154,0.0296838202652962,0.0857152175217918,0.143741204559557
13,627.764164894765,0.016260624017709,-0.018216929731525,0.0597695326630574
13,875.015934200236,0.0250254562052624,-0.0667068024337778,-0.0469407844913595
13,1123.5835653593,0.0370317208148076,-0.0219242539987592,-0.0784265799648153
13,1372.56010158368,0.0427816630422833,-0.0196559699111144,-0.0928187553537491
13,1620.53270288158,-0.0387514361763754,0.0120754566801892,-0.17760437177847
13,1868.9284374903,-0.0664518356535234,-0.00335014277214049,-0.167701629100911
13,2121.81119731742,-0.0480963547969599,-0.0606171643867747,-0.0481902973005876
13,2374.46368401308,-0.113014879062645,0.0110993276623332,0.0485236093099076
13,2625.47654854464,-0.0770989481295554,0.0612910260960745,0.138307992214374
13,2873.89684418561,-0.102871605089697,0.0837583970785956,0.0930043004845453
13,3121.45453514542,-0.0400419917219484,-0.0248106109578556,0.0790382830481793
13,3368.43151214885,0.0437983029255359,-0.247374153969956,0.154731386716125
13,3621.52700118323,-0.156586689866751,-0.306777651638074,0.119873577857179
13,3861.61456489457,0.0827902241849628,0.108536221602329,-0.360617337117537
13,4096.79361470746,0.153331911346475,0.615279569577831,-0.298544752990941
13,4366.52855298473,0.179397090537387,0.532354033037904,-0.109648052479072
13,4602.39982839795,0.431974985792421,-0.243449476005736,-0.266422287493797
13,4829.86584052588,0.251410345243799,-1.34840856471537,-0.11652989195217
13,5033.31210917219,-0.214376346704567,-2.66959460612444,-0.437761090705991
14,159.54012123468,0.189322068694376,0.304802061208523,0.373995373420222
14,380.93921696154,0.0246281778808884,0.102282053750717,0.143869002807704
14,627.764164894765,0.000660067998870047,-0.0114983326556638,0.0611955325047675
14,875.015934200236,0.0200378033494023,-0.0674751746439004,-0.0475617980408239
14,1123.5835653593,0.046893865204828,-0.0229547103116112,-0.0836640910327896
14,1372.56010158368,0.0360274416653115,-0.0181340342756411,-0.0894391508435593
14,1620.53270288158,-0.0340731025618401,0.0154002058561129,-0.176698357708557
14,1868.9284374903,-0.0674491278331836,-0.0101606657460168,-0.169240041494167
14,2121.81119731742,-0.0732072400235396,-0.0803700462698503,-0.0525937915331408
14,2374.46368401308,-0.0753092959294424,-0.00529711986518066,0.0422434451271405
14,2625.47654854464,-0.0667173574848273,0.0624999999871564,0.140001987365228
14,2873.89684418561,-0.0942729511405239,0.0967387268494209,0.0876122673930057
14,3121.45453514542,-0.0412599520451256,-0.0042164643867736,0.0824764859287039
14,3368.43151214885,0.0479797187964611,-0.286610470508005,0.14593544212723
14,3621.52700118323,-0.109504123465362,-0.348582848232967,0.130196420424386
14,3861.61456489457,0.0530771180683435,0.0332053086724504,-0.342899763399386
14,4096.79361470746,0.120790544062372,0.655177552155858,-0.272435780050278
14,4366.52855298473,0.155775936620675,0.663121705152238,-0.0951049059596451
14,4602.39982839795,0.397154387848821,-0.177661652266349,-0.257259202461588
14,4829.86584052588,0.207787327335762,-1.39150337059899,-0.0969440263666873
14,5033.31210917219,-0.230045000211546,-2.78765208450031,-0.42756854779246
15,159.54012123468,0.266373934851934,0.326034712009683,0.378320655490493
15,380.93921696154,0.0555907993161121,0.128167964641242,0.150259496076562
15,627.764164894765,0.0159133421723806,0.000128529289813224,0.0663206023769133
15,875.015934200236,0.0451523414514595,-0.0735817775154394,-0.0439638609148906
15,1123.5835653593,0.0809853792733882,-0.0269989170971696,-0.0867310134568267
15,1372.56010158368,0.0609799814485771,-0.0205031896598595,-0.0922685601399215
15,1620.53270288158,-0.0463949088624242,0.00993116937800879,-0.185821282517224
15,1868.9284374903,-0.116001370290535,-0.0159365538790825,-0.180338281433725
15,2121.81119731742,-0.113066311596175,-0.0812078173451399,-0.0575259177467768
15,2374.46368401308,-0.0657005575924278,-0.00540659878582974,0.0419935175832903
15,2625.47654854464,-0.137953301364923,0.0706162776485588,0.141005215088831
15,2873.89684418561,-0.165891396080269,0.090529895946448,0.0954245752221819
15,3121.45453514542,-0.0991634290256916,-0.0297954180151258,0.0900463969748274
15,3368.43151214885,0.0445977264845517,-0.325273940188826,0.145353711878927
15,3621.52700118323,-0.152572703003285,-0.347941200410902,0.133697363768011
15,3861.61456489457,0.025615183589982,0.0474517875582228,-0.349755411017281
15,4096.79361470746,0.14938527338545,0.658897801541495,-0.268627459373226
15,4366.52855298473,0.187158634784382,0.643066405427032,-0.103947391615436
15,4602.39982839795,0.489115151070132,-0.154877822419732,-0.268981043264881
15,4829.86584052588,0.374218779192981,-1.31478888772464,-0.0962358408618678
15,5033.31210917219,-0.171192862796353,-2.63478160106222,-0.442111673949783
16,159.54012123468,0.291634104460557,0.336481422228798,0.394861438350111
16,380.93921696154,0.0462738373628649,0.134464057324159,0.168448929925042
16,627.764164894765,0.000141185341845357,-0.00921948692379084,0.0902002470746308
16,875.015934200236,0.0243359755948275,-0.0805455089404165,-0.0350849320457696
16,1123.5835653593,0.101424737543308,-0.0350403248627946,-0.102652400927313
16,1372.56010158368,0.078305153352388,-0.025266590680997,-0.122225307195184
16,1620.53270288158,-0.0658963645427488,0.0134472263463494,-0.213388068672779
16,1868.9284374903,-0.151499671464928,-0.0159082065002494,-0.206052206953833
16,2121.81119731742,-0.120709221347812,-0.0834648807848448,-0.0553737628245134
16,2374.46368401308,-0.0329672838700211,-0.0100724630812232,0.0528332629638743
16,2625.47654854464,-0.134106793954148,0.0712180032962674,0.153285217441562
16,2873.89684418561,-0.139803173258838,0.113073610617114,0.144772267647108
16,3121.45453514542,-0.121619112548936,-0.012252444109881,0.127906070398916
16,3368.43151214885,0.0932698661823175,-0.317846696853367,0.141255024504672
16,3621.52700118323,-0.135375256477487,-0.366656335476889,0.0869952694891494
16,3861.61456489457,0.0196105170104897,0.0833285140888363,-0.402490595118486
16,4096.79361470746,0.150391107105912,0.649294560239121,-0.262319747760028
16,4366.52855298473,0.174094309932193,0.632194747231933,-0.0772563814327614
16,4602.39982839795,0.512721278031917,-0.158702089055531,-0.252483698490732
16,4829.86584052588,0.388698674052183,-1.38356263581868,-0.056806022884722
16,5033.31210917219,-0.168549525730459,-2.81319944450149,-0.436959431040089
17,159.54012123468,0.290388761638162,0.339506569816717,0.394028659159767
17,380.93921696154,0.0445546709302095,0.147479520786841,0.170786102885878
17,627.764164894765,-0.00873763508017296,0.0066116241444471,0.0845183293168308
17,875.015934200236,0.0231123109591787,-0.0585169720395719,-0.0303121219658967
17,1123.5835653593,0.0947148588471966,-0.0195366235749025,-0.0966421402858693
17,1372.56010158368,0.0819742656669561,-0.0103647388853767,-0.13061710242737
17,1620.53270288158,-0.0705610658751466,0.0247028983126691,-0.215768180309701
17,1868.9284374903,-0.144661645921198,-0.0233307781428378,-0.203706859292196
17,2121.81119731742,-0.11348168725047,-0.103456713544137,-0.0561493221065632
17,2374.46368401308,-0.035376210561753,-0.0550107861131831,0.0338442881914444
17,2625.47654854464,-0.132720624911533,0.0400719457060809,0.132216404325599
17,2873.89684418561,-0.132711610376194,0.0972363862626707,0.132063180922148
17,3121.45453514542,-0.10617840199568,0.00353509049067585,0.116006991906305
17,3368.43151214885,0.0856948140899417,-0.299028281808163,0.146244991176983
17,3621.52700118323,-0.127893180785841,-0.3977549679301,0.0984037485570507
17,3861.61456489457,0.033282660673859,-0.0670705323683953,-0.28247541509833
17,4096.79361470746,0.171311552643998,0.555420865682708,-0.209507245646534
17,4366.52855298473,0.1687686280669,0.472438848167616,-0.094116923013324
17,4602.39982839795,0.473678967918198,-0.372443461796734,-0.221145001269048
17,4829.86584052588,0.357220317826246,-1.08186744608707,-0.013941071960619
17,5033.31210917219,-0.130797316201996,-2.74572585643765,-0.383149973873752
18,159.54012123468,0.298676173792641,0.34135332462028,0.408789651883142
18,380.93921696154,0.0484961321690343,0.146733657622994,0.170013497215176
18,627.764164894765,-0.00582608382967403,0.00881195442240918,0.0891324735696119
18,875.015934200236,-0.00073901065836767,-0.060259230624533,-0.0339220140272399
18,1123.5835653593,0.0807581251496062,-0.0196633406725179,-0.0991144198548303
18,1372.56010158368,0.0856535734453251,-0.00703007473208733,-0.140797078696263
18,1620.53270288158,-0.061043378961222,0.0282444922373886,-0.222547355106891
18,1868.9284374903,-0.143782193701367,-0.0249890064608909,-0.198433719646834
18,2121.81119731742,-0.135101778398611,-0.104046483637908,-0.0432323138814469
18,2374.46368401308,-0.0367771340558891,-0.0627934588021947,0.0423154664354469
18,2625.47654854464,-0.122395639874431,0.0434922435401024,0.144798032524452
18,2873.89684418561,-0.097021191899924,0.0947187112718095,0.130496660382231
18,3121.45453514542,-0.124897941668369,0.0111002962546073,0.109788222168237
18,3368.43151214885,0.11580697566687,-0.299111153655512,0.134071408633449
18,3621.52700118323,-0.100920506943957,-0.401650503516782,0.0783365337470627
18,3861.61456489457,0.0217312783764089,-0.0840225163973052,-0.270532599594379
18,4096.79361470746,0.197990776243535,0.525568396835632,-0.186650084810784
18,4366.52855298473,0.166029579415851,0.481793849555566,-0.0522987088878367
18,4602.39982839795,0.484363153129668,-0.326752474749136,-0.180079366040384
18,4829.86584052588,0.391795064121985,-1.04680749406919,-0.00150042055120743
18,5033.31210917219,-0.0751493320709599,-2.64269451406234,-0.341727146566003
19,159.54012123468,0.290722057051493,0.345580564323989,0.41583847285743
19,380.93921696154,0.0499977368211474,0.142859001955672,0.168922984013764
19,627.764164894765,0.00363236659586543,0.00785239341466048,0.0819921674584659
19,875.015934200236,0.00139930036039798,-0.0547107731017486,-0.0387065906620277
19,1123.5835653593,0.066960602150867,-0.0140934759666793,-0.102254387041733
19,1372.56010158368,0.0826096340386108,-0.000306117439791298,-0.143598080087486
19,1620.53270288158,-0.0456386018540103,0.0351084356895722,-0.21872549737109
19,1868.9284374903,-0.129749451439176,-0.025070582371666,-0.184809938392873
19,2121.81119731742,-0.121572234381464,-0.11391923884368,-0.0314006359738326
19,2374.46368401308,-0.0693150450457958,-0.074052321429488,0.0560168154915544
19,2625.47654854464,-0.139219172739506,0.0359548135257034,0.15187107375975
19,2873.89684418561,-0.0832033577919837,0.0973407528163642,0.134476740793985
19,3121.45453514542,-0.1280375456235,0.022706424666513,0.10460403438642
19,3368.43151214885,0.113663459621681,-0.297756535675289,0.120627663583601
19,3621.52700118323,-0.124510701800044,-0.418529266900238,0.0661051654903046
19,3861.61456489457,0.0328587013939481,-0.139222153932385,-0.280738084560626
19,4096.79361470746,0.212191564902817,0.458487681647778,-0.180298485098272
19,4366.52855298473,0.165514365255787,0.545446155265501,-0.0731796754271828
19,4602.39982839795,0.547144116422878,-0.117826006470639,-0.221251843593758
19,4829.86584052588,0.50828285046883,-0.87105645795179,0.234680228553797
19,5033.31210917219,-0.0328312845870566,-2.07952912240632,-0.222581243145753
20,159.54012123468,0.295408200646931,0.351488211164306,0.426340597924871
20,380.93921696154,0.036236326293125,0.146860948698769,0.169764868020787
20,627.764164894765,-0.0108653965107385,0.0211332603470966,0.0686749785543754
20,875.015934200236,-0.0315856403125764,-0.0553347823112069,-0.046178390788728
20,1123.5835653593,0.0503727380618688,-0.0103898722881269,-0.0997690028126968
20,1372.56010158368,0.064818644989665,0.0065923642956215,-0.143087501902002
20,1620.53270288158,-0.0397925393044929,0.0398558659980618,-0.216186544754577
20,1868.9284374903,-0.104756431252044,-0.025771555765345,-0.180194031637114
20,2121.81119731742,-0.124921091453369,-0.114079331330068,-0.0161840053546119
20,2374.46368401308,-0.0623390693674767,-0.0827769806974944,0.0635779328566611
20,2625.47654854464,-0.0810295141466073,0.0336538108841978,0.168126936836275
20,2873.89684418561,-0.0490642020368256,0.0779159848215097,0.143674773059135
20,3121.45453514542,-0.0738348191906238,-0.0090490095453637,0.103738268466194
20,3368.43151214885,0.0998870151120003,-0.320361560839543,0.113749798435881
20,3621.52700118323,-0.0935517270022799,-0.400377962840208,0.0304939086024857
20,3861.61456489457,0.0508131033898564,-0.148378312977529,-0.294256697792173
20,4096.79361470746,0.230881207623583,0.446830543637583,-0.179054750089375
20,4366.52855298473,0.127241013604085,0.499071303262539,-0.0767000673808352
20,4602.39982839795,0.513535341434929,-0.0319809624553855,-0.177745123727942
20,4829.86584052588,0.627517480350401,-0.749712506210683,0.361721840187973
20,5033.31210917219,0.664908834862161,-1.83426422031445,0.0078244463587225
21,159.54012123468,0.303823021789173,0.385339699642881,0.451497903467287
21,380.93921696154,0.0394618446765962,0.189064248208341,0.205664671992286
21,627.764164894765,-0.0213408388801786,0.100205216964392,0.143810049758446
21,875.015934200236,-0.0375667102294382,-0.00284308333830459,-0.00858440548258931
21,1123.5835653593,0.0357911252157602,0.00154172296604198,-0.107581064082238
21,1372.56010158368,0.0648024456331863,-0.0106571046791845,-0.185816857643638
21,1620.53270288158,-0.0423974559893249,0.0139945897808887,-0.267237711562859
21,1868.9284374903,-0.105839517290202,-0.0531109373606649,-0.284892649451234
21,2121.81119731742,-0.110823892796063,-0.141072903768991,-0.145854131105864
21,2374.46368401308,-0.0528973394741615,-0.0821554221880483,-0.00968216470263427
21,2625.47654854464,-0.0664363416561034,0.0487305514075129,0.179833661510306
21,2873.89684418561,-0.0417314297722023,0.000743684616334822,0.223749907473243
21,3121.45453514542,-0.054766525262605,-0.223650037834781,0.269407248630091
21,3368.43151214885,0.113249221749805,-0.416490077799984,0.0740572748480682
21,3621.52700118323,-0.105656902584947,-0.363655854535651,0.018097080773291
21,3861.61456489457,0.0498569882562367,-0.0862960801913322,-0.333190460684858
21,4096.79361470746,0.222475692270721,0.45352611888642,-0.141413171391632
21,4366.52855298473,0.114165512504623,0.444107973220007,-0.0336043863485507
21,4602.39982839795,0.50602215373115,0.00151269833720244,-0.132418164836829
21,4829.86584052588,0.628679794290089,-0.625915165931434,0.737855259087843
21,5033.31210917219,0.643923942990708,-1.53021097652728,0.53178721251863
22,159.54012123468,0.362558743713058,0.390141371693591,0.467540449852657
22,380.93921696154,0.0607636560952828,0.18855621451707,0.222501097757509
22,627.764164894765,-0.0448689930547887,0.0919138265954674,0.154346482494801
22,875.015934200236,-0.0656874876104427,-0.00161610472339042,0.00448763627427707
22,1123.5835653593,0.0020807493265934,0.00364333008183398,-0.114471446692047
22,1372.56010158368,0.0402847082463159,-0.00833726641905461,-0.209333270667433
22,1620.53270288158,-0.0157291435975888,0.0147628114817433,-0.290013627892197
22,1868.9284374903,-0.0860029929452416,-0.0525490966952294,-0.30770755040806
22,2121.81119731742,-0.126231810130509,-0.149608909914404,-0.151814124243532
22,2374.46368401308,-0.0502366928246217,-0.0849787695288176,-0.0038424504976946
22,2625.47654854464,-0.0240724190078019,0.0516279475804749,0.200461559195274
22,2873.89684418561,0.00619813560831083,0.000881658679927334,0.236200769297939
22,3121.45453514542,-0.0426251445127274,-0.230395672706718,0.299096737312398
22,3368.43151214885,0.134220126353021,-0.418020327993853,0.0610496509929577
22,3621.52700118323,-0.0920536594650073,-0.360401328305943,0.00450547617691182
22,3861.61456489457,-0.0400390243848523,-0.0520781266608932,-0.347941658481558
22,4096.79361470746,0.303508825719911,0.454884167196798,-0.143499886655919
22,4366.52855298473,0.082783824371651,0.462327683219122,-0.0187738621715088
22,4602.39982839795,0.485991356556271,0.00955435485617911,-0.127875387008042
22,4829.86584052588,0.751617123639663,-0.694529060830127,0.783312736880922
22,5033.31210917219,0.856254464477889,-1.71261369044223,0.572434886889644
23,159.54012123468,0.391394900209113,0.41221234912715,0.467978597712091
23,380.93921696154,0.0735371442264645,0.200497754283565,0.218335401900143
23,627.764164894765,-0.0458811001385149,0.100070704822842,0.151087337965467
23,875.015934200236,-0.0835396044958358,-0.000922689806446695,0.00490174372172757
23,1123.5835653593,-0.0255408217663338,0.0078594596769145,-0.111230052713294
23,1372.56010158368,0.0525970237204843,-0.00502215477897404,-0.20574069779508
23,1620.53270288158,0.00600851973961429,0.0176117617435107,-0.288126556894567
23,1868.9284374903,-0.0797606542056279,-0.052801064224136,-0.302412201402125
23,2121.81119731742,-0.142194126777899,-0.155284736211611,-0.15837526074698
23,2374.46368401308,-0.0646152076881204,-0.0983981235347557,-0.00986590056914149
23,2625.47654854464,-0.00299408353530706,0.0358750359282621,0.18792753115438
23,2873.89684418561,0.0119276459488422,-0.0123461629989554,0.232136280068303
23,3121.45453514542,-0.0324137648530273,-0.239372330012939,0.311009150001434
23,3368.43151214885,0.126073665666354,-0.434228494101816,0.0749932704010361
23,3621.52700118323,-0.104512891535623,-0.387621854479476,0.0091363898208418
23,3861.61456489457,-0.0476767401928543,-0.0685571108450721,-0.357178545765108
23,4096.79361470746,0.294381975290503,0.505587988129269,-0.180961900882477
23,4366.52855298473,0.0653051495668713,0.474197425221017,0.0346623084918111
23,4602.39982839795,0.509588656728039,0.0351606573358928,-0.135052933659977
23,4829.86584052588,0.838289417384534,-0.600829560148089,0.780127827662494
23,5033.31210917219,0.913787329323817,-1.45291125359863,0.727800242049483
24,159.54012123468,0.395195270647142,0.417054956089744,0.478344616005815
24,380.93921696154,0.0707430131735729,0.209191785929306,0.223952492554315
24,627.764164894765,-0.0485339348809152,0.105142404871543,0.154275937384989
24,875.015934200236,-0.0958305625512566,0.00231746684422371,0.00994272794398053
24,1123.5835653593,-0.0330513094236188,0.0129931282424475,-0.112795026596969
24,1372.56010158368,0.0661931405823719,-0.00130458467959801,-0.212268857794043
24,1620.53270288158,0.0286543687892829,0.0204524923831593,-0.298739698316154
24,1868.9284374903,-0.0670797138688035,-0.0564785974098394,-0.314697784104509
24,2121.81119731742,-0.145411073864958,-0.166342672096085,-0.167899602033346
24,2374.46368401308,-0.0817869237111709,-0.107867330708782,-0.0094119196269737
24,2625.47654854464,-0.0192285630614048,0.0267422471343844,0.190639685453642
24,2873.89684418561,0.0143070571114687,-0.021554850004846,0.24167117336528
24,3121.45453514542,-0.0153029933526748,-0.24894906145852,0.320225079358131
24,3368.43151214885,0.104870805793891,-0.445798736203963,0.0930647924788577
24,3621.52700118323,-0.110211012423507,-0.378784604961386,0.00526066715586219
24,3861.61456489457,-0.0351041315979118,-0.0763497296251552,-0.360375816943398
24,4096.79361470746,0.292784892939448,0.480635111711458,-0.208748874809497
24,4366.52855298473,0.0677741788214589,0.456000828366,-0.0111690131659503
24,4602.39982839795,0.526478381015722,0.069636492090408,-0.138495486194974
24,4829.86584052588,0.868266861869818,-0.548357574653601,0.823493352124834
24,5033.31210917219,0.939372062106761,-1.4300570512626,0.748597622573529
25,159.54012123468,0.414799987204405,0.429660882156922,0.483980663208184
25,380.93921696154,0.0701742473457092,0.220555269491965,0.219915667345484
25,627.764164894765,-0.0486720890710902,0.118923122188685,0.148300546084047
25,875.015934200236,-0.100340559276182,0.0115147868719216,-0.000678364054604836
25,1123.5835653593,-0.0305179334521669,0.0235353012778118,-0.107125459108689
25,1372.56010158368,0.0734917979609235,0.00911734453306596,-0.216344163451611
25,1620.53270288158,0.0303585597031887,0.0290669116061955,-0.292575435168366
25,1868.9284374903,-0.0631673288665081,-0.0533700390750437,-0.30720190070993
25,2121.81119731742,-0.158187872727157,-0.17241833821767,-0.1568284199663
25,2374.46368401308,-0.0884694679115333,-0.126967280627853,0.00342370127215322
25,2625.47654854464,-0.0195209672150074,0.00981854176449815,0.203101767056829
25,2873.89684418561,0.0130264731655281,-0.0373691803509678,0.236563048566554
25,3121.45453514542,-0.0213193509526949,-0.264464319846451,0.309654843473746
25,3368.43151214885,0.0856250342090721,-0.469873173818189,0.0806417626075757
25,3621.52700118323,-0.100535015270047,-0.406855605803059,-3.65575764021118e-05
25,3861.61456489457,-0.0161766976603088,-0.130569368698297,-0.338526318423733
25,4096.79361470746,0.256984606824957,0.331842402357583,-0.233954968683337
25,4366.52855298473,0.0490405750318328,0.410755200897234,-0.034170221146557
25,4602.39982839795,0.526958188658537,0.151100213873862,-0.119080771530149
25,4829.86584052588,0.859627361365049,-0.313905984797287,0.912109493072474
25,5033.31210917219,0.842381719718662,-0.845152571309307,1.11065583309729
