"max_bins","stateroute","year_bin","n_years","n_bins"
5,4002,1990,3,5
5,4002,1994,4,5
5,4002,1998,4,5
5,4002,2002,4,5
5,4002,2006,5,5
5,4004,1990,3,5
5,4004,1994,4,5
5,4004,1998,4,5
5,4004,2002,4,5
5,4004,2006,5,5
5,4007,1990,4,5
5,4007,1994,4,5
5,4007,1998,4,5
5,4007,2002,4,5
5,4007,2006,5,5
5,4010,1990,4,5
5,4010,1994,3,5
5,4010,1998,4,5
5,4010,2002,4,5
5,4010,2006,5,5
5,4014,1990,3,5
5,4014,1994,4,5
5,4014,1998,4,5
5,4014,2002,4,5
5,4014,2006,5,5
5,4017,1990,3,5
5,4017,1994,4,5
5,4017,1998,4,5
5,4017,2002,4,5
5,4017,2006,5,5
5,4018,1990,4,5
5,4018,1994,4,5
5,4018,1998,4,5
5,4018,2002,4,5
5,4018,2006,5,5
5,4022,1990,4,5
5,4022,1994,4,5
5,4022,1998,4,5
5,4022,2002,4,5
5,4022,2006,5,5
5,4027,1990,4,5
5,4027,1994,3,5
5,4027,1998,4,5
5,4027,2002,4,5
5,4027,2006,5,5
5,4028,1990,4,5
5,4028,1994,4,5
5,4028,1998,3,5
5,4028,2002,4,5
5,4028,2006,5,5
5,4029,1990,4,5
5,4029,1994,3,5
5,4029,1998,4,5
5,4029,2002,4,5
5,4029,2006,3,5
5,4037,1990,4,5
5,4037,1994,3,5
5,4037,1998,3,5
5,4037,2002,3,5
5,4037,2006,4,5
5,4040,1990,4,5
5,4040,1994,4,5
5,4040,1998,4,5
5,4040,2002,4,5
5,4040,2006,5,5
5,4105,1990,4,5
5,4105,1994,3,5
5,4105,1998,4,5
5,4105,2002,4,5
5,4105,2006,5,5
5,4113,1990,3,5
5,4113,1994,4,5
5,4113,1998,4,5
5,4113,2002,4,5
5,4113,2006,3,5
5,4114,1990,4,5
5,4114,1994,4,5
5,4114,1998,4,5
5,4114,2002,4,5
5,4114,2006,5,5
5,4115,1990,4,5
5,4115,1994,4,5
5,4115,1998,4,5
5,4115,2002,4,5
5,4115,2006,5,5
5,4128,1990,4,5
5,4128,1994,4,5
5,4128,1998,4,5
5,4128,2002,4,5
5,4128,2006,5,5
5,4129,1990,4,5
5,4129,1994,4,5
5,4129,1998,4,5
5,4129,2002,4,5
5,4129,2006,5,5
5,4141,1990,3,5
5,4141,1994,4,5
5,4141,1998,4,5
5,4141,2002,4,5
5,4141,2006,5,5
5,4196,1990,3,5
5,4196,1994,3,5
5,4196,1998,3,5
5,4196,2002,3,5
5,4196,2006,5,5
5,11007,1990,4,5
5,11007,1994,4,5
5,11007,1998,4,5
5,11007,2002,3,5
5,11007,2006,4,5
5,11009,1990,4,5
5,11009,1994,4,5
5,11009,1998,4,5
5,11009,2002,4,5
5,11009,2006,5,5
5,11010,1990,4,5
5,11010,1994,4,5
5,11010,1998,3,5
5,11010,2002,4,5
5,11010,2006,4,5
5,11029,1990,3,5
5,11029,1994,4,5
5,11029,1998,4,5
5,11029,2002,3,5
5,11029,2006,3,5
5,11033,1990,4,5
5,11033,1994,3,5
5,11033,1998,4,5
5,11033,2002,4,5
5,11033,2006,5,5
5,11045,1990,4,5
5,11045,1994,3,5
5,11045,1998,4,5
5,11045,2002,4,5
5,11045,2006,5,5
5,11065,1990,4,5
5,11065,1994,4,5
5,11065,1998,4,5
5,11065,2002,4,5
5,11065,2006,5,5
5,11208,1990,4,5
5,11208,1994,4,5
5,11208,1998,4,5
5,11208,2002,4,5
5,11208,2006,5,5
5,11210,1990,4,5
5,11210,1994,4,5
5,11210,1998,4,5
5,11210,2002,3,5
5,11210,2006,3,5
5,11223,1990,4,5
5,11223,1994,4,5
5,11223,1998,4,5
5,11223,2002,4,5
5,11223,2006,5,5
5,11255,1990,4,5
5,11255,1994,4,5
5,11255,1998,4,5
5,11255,2002,4,5
5,11255,2006,5,5
5,11256,1990,3,5
5,11256,1994,4,5
5,11256,1998,4,5
5,11256,2002,4,5
5,11256,2006,4,5
5,11270,1990,4,5
5,11270,1994,3,5
5,11270,1998,4,5
5,11270,2002,3,5
5,11270,2006,5,5
5,11609,1990,3,5
5,11609,1994,4,5
5,11609,1998,3,5
5,11609,2002,4,5
5,11609,2006,5,5
5,11709,1990,4,5
5,11709,1994,4,5
5,11709,1998,4,5
5,11709,2002,4,5
5,11709,2006,5,5
5,45002,1990,4,5
5,45002,1994,4,5
5,45002,1998,4,5
5,45002,2002,4,5
5,45002,2006,5,5
5,45005,1990,4,5
5,45005,1994,4,5
5,45005,1998,4,5
5,45005,2002,4,5
5,45005,2006,5,5
5,45012,1990,4,5
5,45012,1994,4,5
5,45012,1998,3,5
5,45012,2002,3,5
5,45012,2006,5,5
5,45013,1990,3,5
5,45013,1994,4,5
5,45013,1998,4,5
5,45013,2002,4,5
5,45013,2006,5,5
5,45018,1990,4,5
5,45018,1994,4,5
5,45018,1998,4,5
5,45018,2002,4,5
5,45018,2006,5,5
5,45021,1990,4,5
5,45021,1994,3,5
5,45021,1998,4,5
5,45021,2002,4,5
5,45021,2006,5,5
5,45041,1990,3,5
5,45041,1994,3,5
5,45041,1998,3,5
5,45041,2002,3,5
5,45041,2006,4,5
5,45101,1990,4,5
5,45101,1994,4,5
5,45101,1998,3,5
5,45101,2002,3,5
5,45101,2006,4,5
5,45102,1990,4,5
5,45102,1994,4,5
5,45102,1998,4,5
5,45102,2002,4,5
5,45102,2006,5,5
5,45105,1990,4,5
5,45105,1994,4,5
5,45105,1998,3,5
5,45105,2002,3,5
5,45105,2006,5,5
5,45107,1990,4,5
5,45107,1994,4,5
5,45107,1998,4,5
5,45107,2002,4,5
5,45107,2006,5,5
5,45112,1990,3,5
5,45112,1994,4,5
5,45112,1998,3,5
5,45112,2002,3,5
5,45112,2006,5,5
5,45113,1990,3,5
5,45113,1994,4,5
5,45113,1998,4,5
5,45113,2002,3,5
5,45113,2006,5,5
5,45116,1990,3,5
5,45116,1994,3,5
5,45116,1998,3,5
5,45116,2002,4,5
5,45116,2006,3,5
5,56041,1990,4,5
5,56041,1994,4,5
5,56041,1998,4,5
5,56041,2002,4,5
5,56041,2006,5,5
5,56044,1990,4,5
5,56044,1994,4,5
5,56044,1998,4,5
5,56044,2002,4,5
5,56044,2006,5,5
5,65009,1990,4,5
5,65009,1994,4,5
5,65009,1998,3,5
5,65009,2002,4,5
5,65009,2006,5,5
5,65011,1990,4,5
5,65011,1994,4,5
5,65011,1998,4,5
5,65011,2002,4,5
5,65011,2006,5,5
5,65018,1990,3,5
5,65018,1994,4,5
5,65018,1998,3,5
5,65018,2002,3,5
5,65018,2006,4,5
5,68006,1990,4,5
5,68006,1994,4,5
5,68006,1998,4,5
5,68006,2002,4,5
5,68006,2006,5,5
5,68007,1990,4,5
5,68007,1994,4,5
5,68007,1998,3,5
5,68007,2002,4,5
5,68007,2006,3,5
5,68012,1990,4,5
5,68012,1994,4,5
5,68012,1998,4,5
5,68012,2002,4,5
5,68012,2006,5,5
5,68014,1990,4,5
5,68014,1994,4,5
5,68014,1998,4,5
5,68014,2002,4,5
5,68014,2006,5,5
5,68015,1990,4,5
5,68015,1994,4,5
5,68015,1998,4,5
5,68015,2002,4,5
5,68015,2006,5,5
5,68018,1990,3,5
5,68018,1994,4,5
5,68018,1998,4,5
5,68018,2002,4,5
5,68018,2006,5,5
5,68022,1990,4,5
5,68022,1994,4,5
5,68022,1998,4,5
5,68022,2002,4,5
5,68022,2006,5,5
5,68023,1990,3,5
5,68023,1994,3,5
5,68023,1998,4,5
5,68023,2002,4,5
5,68023,2006,4,5
5,68025,1990,4,5
5,68025,1994,4,5
5,68025,1998,4,5
5,68025,2002,4,5
5,68025,2006,5,5
5,68026,1990,4,5
5,68026,1994,4,5
5,68026,1998,4,5
5,68026,2002,4,5
5,68026,2006,5,5
5,68028,1990,4,5
5,68028,1994,4,5
5,68028,1998,4,5
5,68028,2002,4,5
5,68028,2006,5,5
5,68037,1990,4,5
5,68037,1994,3,5
5,68037,1998,4,5
5,68037,2002,4,5
5,68037,2006,5,5
5,68039,1990,4,5
5,68039,1994,3,5
5,68039,1998,3,5
5,68039,2002,3,5
5,68039,2006,5,5
5,68044,1990,4,5
5,68044,1994,4,5
5,68044,1998,3,5
5,68044,2002,4,5
5,68044,2006,3,5
5,68050,1990,4,5
5,68050,1994,4,5
5,68050,1998,4,5
5,68050,2002,3,5
5,68050,2006,4,5
5,68054,1990,3,5
5,68054,1994,4,5
5,68054,1998,4,5
5,68054,2002,4,5
5,68054,2006,5,5
5,68066,1990,3,5
5,68066,1994,4,5
5,68066,1998,4,5
5,68066,2002,4,5
5,68066,2006,5,5
5,68083,1990,4,5
5,68083,1994,4,5
5,68083,1998,4,5
5,68083,2002,4,5
5,68083,2006,4,5
5,68113,1990,4,5
5,68113,1994,4,5
5,68113,1998,4,5
5,68113,2002,4,5
5,68113,2006,5,5
5,68117,1990,3,5
5,68117,1994,4,5
5,68117,1998,4,5
5,68117,2002,4,5
5,68117,2006,5,5
5,68119,1990,4,5
5,68119,1994,4,5
5,68119,1998,4,5
5,68119,2002,4,5
5,68119,2006,5,5
5,68297,1990,4,5
5,68297,1994,4,5
5,68297,1998,4,5
5,68297,2002,4,5
5,68297,2006,4,5
5,75005,1990,3,5
5,75005,1994,4,5
5,75005,1998,4,5
5,75005,2002,3,5
5,75005,2006,5,5
5,76001,1990,4,5
5,76001,1994,4,5
5,76001,1998,4,5
5,76001,2002,4,5
5,76001,2006,5,5
5,76002,1990,3,5
5,76002,1994,4,5
5,76002,1998,3,5
5,76002,2002,4,5
5,76002,2006,5,5
5,76003,1990,4,5
5,76003,1994,4,5
5,76003,1998,4,5
5,76003,2002,3,5
5,76003,2006,5,5
5,76004,1990,3,5
5,76004,1994,4,5
5,76004,1998,4,5
5,76004,2002,4,5
5,76004,2006,5,5
5,76005,1990,4,5
5,76005,1994,4,5
5,76005,1998,4,5
5,76005,2002,4,5
5,76005,2006,5,5
5,76006,1990,4,5
5,76006,1994,4,5
5,76006,1998,4,5
5,76006,2002,4,5
5,76006,2006,5,5
5,76008,1990,3,5
5,76008,1994,4,5
5,76008,1998,4,5
5,76008,2002,4,5
5,76008,2006,5,5
5,76009,1990,4,5
5,76009,1994,4,5
5,76009,1998,4,5
5,76009,2002,4,5
5,76009,2006,4,5
5,76010,1990,4,5
5,76010,1994,4,5
5,76010,1998,4,5
5,76010,2002,4,5
5,76010,2006,4,5
5,76021,1990,3,5
5,76021,1994,4,5
5,76021,1998,4,5
5,76021,2002,3,5
5,76021,2006,5,5
5,76022,1990,4,5
5,76022,1994,4,5
5,76022,1998,4,5
5,76022,2002,4,5
5,76022,2006,5,5
5,76039,1990,4,5
5,76039,1994,4,5
5,76039,1998,4,5
5,76039,2002,4,5
5,76039,2006,5,5
5,76060,1990,4,5
5,76060,1994,4,5
5,76060,1998,4,5
5,76060,2002,4,5
5,76060,2006,4,5
5,76127,1990,4,5
5,76127,1994,4,5
5,76127,1998,4,5
5,76127,2002,4,5
5,76127,2006,4,5
5,76237,1990,4,5
5,76237,1994,4,5
5,76237,1998,3,5
5,76237,2002,3,5
5,76237,2006,4,5
5,76306,1990,4,5
5,76306,1994,4,5
5,76306,1998,4,5
5,76306,2002,4,5
5,76306,2006,5,5
5,76309,1990,3,5
5,76309,1994,3,5
5,76309,1998,4,5
5,76309,2002,4,5
5,76309,2006,5,5
5,79024,1990,4,5
5,79024,1994,3,5
5,79024,1998,4,5
5,79024,2002,4,5
5,79024,2006,4,5
5,79033,1990,4,5
5,79033,1994,4,5
5,79033,1998,4,5
5,79033,2002,4,5
5,79033,2006,5,5
5,79042,1990,3,5
5,79042,1994,4,5
5,79042,1998,4,5
5,79042,2002,3,5
5,79042,2006,4,5
5,79113,1990,4,5
5,79113,1994,4,5
5,79113,1998,4,5
5,79113,2002,3,5
5,79113,2006,5,5
5,79123,1990,4,5
5,79123,1994,4,5
5,79123,1998,4,5
5,79123,2002,4,5
5,79123,2006,4,5
5,79133,1990,3,5
5,79133,1994,3,5
5,79133,1998,4,5
5,79133,2002,4,5
5,79133,2006,5,5
5,79142,1990,3,5
5,79142,1994,4,5
5,79142,1998,4,5
5,79142,2002,4,5
5,79142,2006,5,5
5,93010,1990,4,5
5,93010,1994,3,5
5,93010,1998,3,5
5,93010,2002,3,5
5,93010,2006,3,5
6,2001,1992,3,6
6,2001,1996,4,6
6,2001,2000,4,6
6,2001,2004,4,6
6,2001,2008,4,6
6,2001,2012,5,6
6,2007,1992,4,6
6,2007,1996,4,6
6,2007,2000,4,6
6,2007,2004,3,6
6,2007,2008,4,6
6,2007,2012,4,6
6,2010,1992,4,6
6,2010,1996,4,6
6,2010,2000,4,6
6,2010,2004,3,6
6,2010,2008,4,6
6,2010,2012,5,6
6,2017,1992,4,6
6,2017,1996,4,6
6,2017,2000,4,6
6,2017,2004,4,6
6,2017,2008,3,6
6,2017,2012,3,6
6,2019,1992,4,6
6,2019,1996,4,6
6,2019,2000,4,6
6,2019,2004,4,6
6,2019,2008,4,6
6,2019,2012,4,6
6,2020,1992,4,6
6,2020,1996,4,6
6,2020,2000,4,6
6,2020,2004,3,6
6,2020,2008,4,6
6,2020,2012,4,6
6,2022,1992,4,6
6,2022,1996,4,6
6,2022,2000,4,6
6,2022,2004,4,6
6,2022,2008,3,6
6,2022,2012,5,6
6,2025,1992,4,6
6,2025,1996,3,6
6,2025,2000,4,6
6,2025,2004,4,6
6,2025,2008,4,6
6,2025,2012,5,6
6,2029,1992,3,6
6,2029,1996,4,6
6,2029,2000,4,6
6,2029,2004,4,6
6,2029,2008,4,6
6,2029,2012,4,6
6,2035,1992,3,6
6,2035,1996,4,6
6,2035,2000,4,6
6,2035,2004,4,6
6,2035,2008,3,6
6,2035,2012,4,6
6,2036,1992,4,6
6,2036,1996,3,6
6,2036,2000,4,6
6,2036,2004,3,6
6,2036,2008,4,6
6,2036,2012,4,6
6,2043,1992,4,6
6,2043,1996,4,6
6,2043,2000,4,6
6,2043,2004,4,6
6,2043,2008,4,6
6,2043,2012,5,6
6,2045,1992,4,6
6,2045,1996,4,6
6,2045,2000,4,6
6,2045,2004,4,6
6,2045,2008,4,6
6,2045,2012,5,6
6,2047,1992,4,6
6,2047,1996,4,6
6,2047,2000,4,6
6,2047,2004,4,6
6,2047,2008,4,6
6,2047,2012,5,6
6,2050,1992,4,6
6,2050,1996,4,6
6,2050,2000,4,6
6,2050,2004,4,6
6,2050,2008,4,6
6,2050,2012,5,6
6,2052,1992,3,6
6,2052,1996,3,6
6,2052,2000,4,6
6,2052,2004,4,6
6,2052,2008,3,6
6,2052,2012,4,6
6,2053,1992,4,6
6,2053,1996,4,6
6,2053,2000,4,6
6,2053,2004,4,6
6,2053,2008,3,6
6,2053,2012,4,6
6,2054,1992,4,6
6,2054,1996,3,6
6,2054,2000,4,6
6,2054,2004,3,6
6,2054,2008,3,6
6,2054,2012,4,6
6,2057,1992,3,6
6,2057,1996,4,6
6,2057,2000,4,6
6,2057,2004,4,6
6,2057,2008,4,6
6,2057,2012,5,6
6,2060,1992,3,6
6,2060,1996,4,6
6,2060,2000,4,6
6,2060,2004,4,6
6,2060,2008,4,6
6,2060,2012,5,6
6,2065,1992,3,6
6,2065,1996,4,6
6,2065,2000,4,6
6,2065,2004,4,6
6,2065,2008,4,6
6,2065,2012,4,6
6,2066,1992,3,6
6,2066,1996,4,6
6,2066,2000,4,6
6,2066,2004,4,6
6,2066,2008,3,6
6,2066,2012,4,6
6,2072,1992,3,6
6,2072,1996,4,6
6,2072,2000,4,6
6,2072,2004,4,6
6,2072,2008,4,6
6,2072,2012,5,6
6,2140,1992,4,6
6,2140,1996,4,6
6,2140,2000,4,6
6,2140,2004,4,6
6,2140,2008,4,6
6,2140,2012,3,6
6,2142,1992,3,6
6,2142,1996,3,6
6,2142,2000,4,6
6,2142,2004,4,6
6,2142,2008,4,6
6,2142,2012,3,6
6,3003,1992,4,6
6,3003,1996,4,6
6,3003,2000,4,6
6,3003,2004,4,6
6,3003,2008,4,6
6,3003,2012,3,6
6,3010,1992,4,6
6,3010,1996,3,6
6,3010,2000,4,6
6,3010,2004,4,6
6,3010,2008,4,6
6,3010,2012,5,6
6,3015,1992,3,6
6,3015,1996,4,6
6,3015,2000,4,6
6,3015,2004,3,6
6,3015,2008,3,6
6,3015,2012,3,6
6,3021,1992,4,6
6,3021,1996,3,6
6,3021,2000,4,6
6,3021,2004,4,6
6,3021,2008,4,6
6,3021,2012,4,6
6,3041,1992,4,6
6,3041,1996,4,6
6,3041,2000,4,6
6,3041,2004,4,6
6,3041,2008,4,6
6,3041,2012,5,6
6,3115,1992,3,6
6,3115,1996,4,6
6,3115,2000,4,6
6,3115,2004,4,6
6,3115,2008,3,6
6,3115,2012,4,6
6,3117,1992,3,6
6,3117,1996,4,6
6,3117,2000,4,6
6,3117,2004,4,6
6,3117,2008,4,6
6,3117,2012,5,6
6,3118,1992,4,6
6,3118,1996,4,6
6,3118,2000,4,6
6,3118,2004,3,6
6,3118,2008,4,6
6,3118,2012,5,6
6,3119,1992,4,6
6,3119,1996,4,6
6,3119,2000,4,6
6,3119,2004,4,6
6,3119,2008,4,6
6,3119,2012,5,6
6,3192,1992,3,6
6,3192,1996,4,6
6,3192,2000,4,6
6,3192,2004,4,6
6,3192,2008,4,6
6,3192,2012,5,6
6,3224,1992,4,6
6,3224,1996,4,6
6,3224,2000,4,6
6,3224,2004,4,6
6,3224,2008,4,6
6,3224,2012,5,6
6,3284,1992,3,6
6,3284,1996,4,6
6,3284,2000,4,6
6,3284,2004,4,6
6,3284,2008,4,6
6,3284,2012,4,6
6,3319,1992,4,6
6,3319,1996,4,6
6,3319,2000,4,6
6,3319,2004,4,6
6,3319,2008,4,6
6,3319,2012,5,6
6,3372,1992,3,6
6,3372,1996,4,6
6,3372,2000,4,6
6,3372,2004,4,6
6,3372,2008,4,6
6,3372,2012,4,6
6,3403,1992,3,6
6,3403,1996,3,6
6,3403,2000,4,6
6,3403,2004,4,6
6,3403,2008,4,6
6,3403,2012,5,6
6,3408,1992,3,6
6,3408,1996,4,6
6,3408,2000,4,6
6,3408,2004,4,6
6,3408,2008,4,6
6,3408,2012,5,6
6,3409,1992,3,6
6,3409,1996,4,6
6,3409,2000,4,6
6,3409,2004,4,6
6,3409,2008,4,6
6,3409,2012,5,6
6,3418,1992,3,6
6,3418,1996,3,6
6,3418,2000,4,6
6,3418,2004,4,6
6,3418,2008,4,6
6,3418,2012,5,6
6,3419,1992,3,6
6,3419,1996,4,6
6,3419,2000,4,6
6,3419,2004,4,6
6,3419,2008,4,6
6,3419,2012,5,6
6,3420,1992,3,6
6,3420,1996,3,6
6,3420,2000,4,6
6,3420,2004,4,6
6,3420,2008,4,6
6,3420,2012,5,6
6,3429,1992,3,6
6,3429,1996,4,6
6,3429,2000,4,6
6,3429,2004,3,6
6,3429,2008,4,6
6,3429,2012,4,6
6,6012,1992,4,6
6,6012,1996,4,6
6,6012,2000,4,6
6,6012,2004,4,6
6,6012,2008,4,6
6,6012,2012,5,6
6,6014,1992,4,6
6,6014,1996,4,6
6,6014,2000,4,6
6,6014,2004,4,6
6,6014,2008,4,6
6,6014,2012,4,6
6,6018,1992,4,6
6,6018,1996,4,6
6,6018,2000,4,6
6,6018,2004,4,6
6,6018,2008,4,6
6,6018,2012,3,6
6,6020,1992,4,6
6,6020,1996,4,6
6,6020,2000,4,6
6,6020,2004,3,6
6,6020,2008,3,6
6,6020,2012,3,6
6,6025,1992,4,6
6,6025,1996,4,6
6,6025,2000,4,6
6,6025,2004,4,6
6,6025,2008,4,6
6,6025,2012,3,6
6,6028,1992,4,6
6,6028,1996,4,6
6,6028,2000,4,6
6,6028,2004,3,6
6,6028,2008,4,6
6,6028,2012,4,6
6,6032,1992,4,6
6,6032,1996,4,6
6,6032,2000,4,6
6,6032,2004,4,6
6,6032,2008,4,6
6,6032,2012,5,6
6,6052,1992,3,6
6,6052,1996,3,6
6,6052,2000,3,6
6,6052,2004,3,6
6,6052,2008,4,6
6,6052,2012,4,6
6,6078,1992,3,6
6,6078,1996,4,6
6,6078,2000,4,6
6,6078,2004,4,6
6,6078,2008,4,6
6,6078,2012,5,6
6,6121,1992,4,6
6,6121,1996,4,6
6,6121,2000,4,6
6,6121,2004,4,6
6,6121,2008,4,6
6,6121,2012,4,6
6,6122,1992,4,6
6,6122,1996,4,6
6,6122,2000,4,6
6,6122,2004,4,6
6,6122,2008,4,6
6,6122,2012,3,6
6,6123,1992,4,6
6,6123,1996,4,6
6,6123,2000,3,6
6,6123,2004,4,6
6,6123,2008,3,6
6,6123,2012,3,6
6,7004,1992,4,6
6,7004,1996,4,6
6,7004,2000,4,6
6,7004,2004,4,6
6,7004,2008,4,6
6,7004,2012,5,6
6,7005,1992,4,6
6,7005,1996,4,6
6,7005,2000,4,6
6,7005,2004,4,6
6,7005,2008,4,6
6,7005,2012,5,6
6,7007,1992,4,6
6,7007,1996,4,6
6,7007,2000,4,6
6,7007,2004,3,6
6,7007,2008,4,6
6,7007,2012,5,6
6,7008,1992,3,6
6,7008,1996,3,6
6,7008,2000,4,6
6,7008,2004,4,6
6,7008,2008,4,6
6,7008,2012,5,6
6,7010,1992,4,6
6,7010,1996,3,6
6,7010,2000,4,6
6,7010,2004,3,6
6,7010,2008,3,6
6,7010,2012,5,6
6,7015,1992,3,6
6,7015,1996,4,6
6,7015,2000,4,6
6,7015,2004,4,6
6,7015,2008,4,6
6,7015,2012,5,6
6,7019,1992,4,6
6,7019,1996,4,6
6,7019,2000,4,6
6,7019,2004,4,6
6,7019,2008,4,6
6,7019,2012,5,6
6,7020,1992,4,6
6,7020,1996,4,6
6,7020,2000,4,6
6,7020,2004,4,6
6,7020,2008,4,6
6,7020,2012,5,6
6,7022,1992,4,6
6,7022,1996,4,6
6,7022,2000,4,6
6,7022,2004,3,6
6,7022,2008,4,6
6,7022,2012,5,6
6,7023,1992,3,6
6,7023,1996,4,6
6,7023,2000,4,6
6,7023,2004,4,6
6,7023,2008,4,6
6,7023,2012,5,6
6,7026,1992,3,6
6,7026,1996,4,6
6,7026,2000,4,6
6,7026,2004,3,6
6,7026,2008,4,6
6,7026,2012,4,6
6,7028,1992,4,6
6,7028,1996,4,6
6,7028,2000,4,6
6,7028,2004,4,6
6,7028,2008,3,6
6,7028,2012,5,6
6,7109,1992,3,6
6,7109,1996,4,6
6,7109,2000,4,6
6,7109,2004,4,6
6,7109,2008,4,6
6,7109,2012,5,6
6,7111,1992,4,6
6,7111,1996,4,6
6,7111,2000,3,6
6,7111,2004,4,6
6,7111,2008,4,6
6,7111,2012,5,6
6,14001,1992,4,6
6,14001,1996,4,6
6,14001,2000,4,6
6,14001,2004,4,6
6,14001,2008,4,6
6,14001,2012,4,6
6,14006,1992,4,6
6,14006,1996,3,6
6,14006,2000,4,6
6,14006,2004,3,6
6,14006,2008,4,6
6,14006,2012,5,6
6,14014,1992,4,6
6,14014,1996,4,6
6,14014,2000,4,6
6,14014,2004,4,6
6,14014,2008,4,6
6,14014,2012,3,6
6,14016,1992,4,6
6,14016,1996,3,6
6,14016,2000,4,6
6,14016,2004,3,6
6,14016,2008,4,6
6,14016,2012,4,6
6,14018,1992,3,6
6,14018,1996,4,6
6,14018,2000,4,6
6,14018,2004,4,6
6,14018,2008,4,6
6,14018,2012,4,6
6,14021,1992,4,6
6,14021,1996,4,6
6,14021,2000,4,6
6,14021,2004,4,6
6,14021,2008,4,6
6,14021,2012,5,6
6,14059,1992,4,6
6,14059,1996,4,6
6,14059,2000,3,6
6,14059,2004,4,6
6,14059,2008,4,6
6,14059,2012,5,6
6,14071,1992,4,6
6,14071,1996,4,6
6,14071,2000,4,6
6,14071,2004,4,6
6,14071,2008,4,6
6,14071,2012,4,6
6,14080,1992,4,6
6,14080,1996,4,6
6,14080,2000,4,6
6,14080,2004,4,6
6,14080,2008,4,6
6,14080,2012,4,6
6,14082,1992,3,6
6,14082,1996,3,6
6,14082,2000,4,6
6,14082,2004,4,6
6,14082,2008,3,6
6,14082,2012,5,6
6,14088,1992,4,6
6,14088,1996,4,6
6,14088,2000,4,6
6,14088,2004,3,6
6,14088,2008,3,6
6,14088,2012,3,6
6,14098,1992,4,6
6,14098,1996,4,6
6,14098,2000,4,6
6,14098,2004,4,6
6,14098,2008,4,6
6,14098,2012,5,6
6,14108,1992,4,6
6,14108,1996,4,6
6,14108,2000,4,6
6,14108,2004,4,6
6,14108,2008,4,6
6,14108,2012,5,6
6,14140,1992,4,6
6,14140,1996,4,6
6,14140,2000,4,6
6,14140,2004,4,6
6,14140,2008,4,6
6,14140,2012,3,6
6,14153,1992,4,6
6,14153,1996,4,6
6,14153,2000,4,6
6,14153,2004,4,6
6,14153,2008,4,6
6,14153,2012,4,6
6,14156,1992,4,6
6,14156,1996,3,6
6,14156,2000,4,6
6,14156,2004,4,6
6,14156,2008,4,6
6,14156,2012,5,6
6,14166,1992,4,6
6,14166,1996,4,6
6,14166,2000,4,6
6,14166,2004,4,6
6,14166,2008,4,6
6,14166,2012,4,6
6,14168,1992,4,6
6,14168,1996,4,6
6,14168,2000,4,6
6,14168,2004,4,6
6,14168,2008,4,6
6,14168,2012,4,6
6,14179,1992,3,6
6,14179,1996,4,6
6,14179,2000,4,6
6,14179,2004,3,6
6,14179,2008,4,6
6,14179,2012,4,6
6,14181,1992,4,6
6,14181,1996,3,6
6,14181,2000,3,6
6,14181,2004,4,6
6,14181,2008,4,6
6,14181,2012,5,6
6,14186,1992,4,6
6,14186,1996,4,6
6,14186,2000,4,6
6,14186,2004,4,6
6,14186,2008,4,6
6,14186,2012,5,6
6,14188,1992,4,6
6,14188,1996,4,6
6,14188,2000,4,6
6,14188,2004,4,6
6,14188,2008,4,6
6,14188,2012,5,6
6,14198,1992,4,6
6,14198,1996,4,6
6,14198,2000,4,6
6,14198,2004,3,6
6,14198,2008,4,6
6,14198,2012,5,6
6,14199,1992,4,6
6,14199,1996,4,6
6,14199,2000,3,6
6,14199,2004,4,6
6,14199,2008,4,6
6,14199,2012,4,6
6,17001,1992,4,6
6,17001,1996,4,6
6,17001,2000,3,6
6,17001,2004,3,6
6,17001,2008,3,6
6,17001,2012,5,6
6,17003,1992,3,6
6,17003,1996,4,6
6,17003,2000,3,6
6,17003,2004,3,6
6,17003,2008,4,6
6,17003,2012,5,6
6,17004,1992,4,6
6,17004,1996,4,6
6,17004,2000,4,6
6,17004,2004,4,6
6,17004,2008,4,6
6,17004,2012,4,6
6,17009,1992,4,6
6,17009,1996,4,6
6,17009,2000,4,6
6,17009,2004,4,6
6,17009,2008,4,6
6,17009,2012,5,6
6,17011,1992,4,6
6,17011,1996,4,6
6,17011,2000,4,6
6,17011,2004,4,6
6,17011,2008,4,6
6,17011,2012,5,6
6,17012,1992,3,6
6,17012,1996,4,6
6,17012,2000,4,6
6,17012,2004,4,6
6,17012,2008,3,6
6,17012,2012,4,6
6,17013,1992,3,6
6,17013,1996,4,6
6,17013,2000,4,6
6,17013,2004,4,6
6,17013,2008,4,6
6,17013,2012,4,6
6,17017,1992,4,6
6,17017,1996,3,6
6,17017,2000,4,6
6,17017,2004,4,6
6,17017,2008,4,6
6,17017,2012,5,6
6,17019,1992,3,6
6,17019,1996,3,6
6,17019,2000,3,6
6,17019,2004,3,6
6,17019,2008,4,6
6,17019,2012,4,6
6,17031,1992,4,6
6,17031,1996,4,6
6,17031,2000,4,6
6,17031,2004,4,6
6,17031,2008,4,6
6,17031,2012,5,6
6,17032,1992,4,6
6,17032,1996,4,6
6,17032,2000,4,6
6,17032,2004,4,6
6,17032,2008,4,6
6,17032,2012,3,6
6,17037,1992,4,6
6,17037,1996,4,6
6,17037,2000,4,6
6,17037,2004,4,6
6,17037,2008,4,6
6,17037,2012,5,6
6,17040,1992,3,6
6,17040,1996,4,6
6,17040,2000,4,6
6,17040,2004,4,6
6,17040,2008,4,6
6,17040,2012,5,6
6,17042,1992,3,6
6,17042,1996,3,6
6,17042,2000,4,6
6,17042,2004,4,6
6,17042,2008,4,6
6,17042,2012,4,6
6,17044,1992,4,6
6,17044,1996,4,6
6,17044,2000,4,6
6,17044,2004,4,6
6,17044,2008,4,6
6,17044,2012,5,6
6,17047,1992,4,6
6,17047,1996,3,6
6,17047,2000,4,6
6,17047,2004,4,6
6,17047,2008,4,6
6,17047,2012,4,6
6,17052,1992,4,6
6,17052,1996,4,6
6,17052,2000,4,6
6,17052,2004,4,6
6,17052,2008,4,6
6,17052,2012,5,6
6,17055,1992,4,6
6,17055,1996,4,6
6,17055,2000,4,6
6,17055,2004,4,6
6,17055,2008,4,6
6,17055,2012,5,6
6,17058,1992,4,6
6,17058,1996,4,6
6,17058,2000,4,6
6,17058,2004,4,6
6,17058,2008,3,6
6,17058,2012,5,6
6,17202,1992,4,6
6,17202,1996,4,6
6,17202,2000,4,6
6,17202,2004,4,6
6,17202,2008,4,6
6,17202,2012,4,6
6,17203,1992,4,6
6,17203,1996,4,6
6,17203,2000,4,6
6,17203,2004,4,6
6,17203,2008,4,6
6,17203,2012,5,6
6,17207,1992,4,6
6,17207,1996,4,6
6,17207,2000,4,6
6,17207,2004,4,6
6,17207,2008,4,6
6,17207,2012,5,6
6,17209,1992,4,6
6,17209,1996,4,6
6,17209,2000,4,6
6,17209,2004,4,6
6,17209,2008,4,6
6,17209,2012,5,6
6,17211,1992,4,6
6,17211,1996,4,6
6,17211,2000,3,6
6,17211,2004,4,6
6,17211,2008,4,6
6,17211,2012,5,6
6,17216,1992,4,6
6,17216,1996,4,6
6,17216,2000,4,6
6,17216,2004,3,6
6,17216,2008,4,6
6,17216,2012,4,6
6,17218,1992,3,6
6,17218,1996,4,6
6,17218,2000,4,6
6,17218,2004,4,6
6,17218,2008,4,6
6,17218,2012,4,6
6,17221,1992,4,6
6,17221,1996,4,6
6,17221,2000,4,6
6,17221,2004,4,6
6,17221,2008,4,6
6,17221,2012,5,6
6,17222,1992,4,6
6,17222,1996,4,6
6,17222,2000,4,6
6,17222,2004,4,6
6,17222,2008,4,6
6,17222,2012,5,6
6,18003,1992,4,6
6,18003,1996,4,6
6,18003,2000,4,6
6,18003,2004,4,6
6,18003,2008,4,6
6,18003,2012,5,6
6,18009,1992,4,6
6,18009,1996,4,6
6,18009,2000,4,6
6,18009,2004,4,6
6,18009,2008,4,6
6,18009,2012,4,6
6,21001,1992,4,6
6,21001,1996,4,6
6,21001,2000,4,6
6,21001,2004,4,6
6,21001,2008,4,6
6,21001,2012,5,6
6,21002,1992,4,6
6,21002,1996,4,6
6,21002,2000,4,6
6,21002,2004,4,6
6,21002,2008,4,6
6,21002,2012,3,6
6,21003,1992,4,6
6,21003,1996,4,6
6,21003,2000,4,6
6,21003,2004,4,6
6,21003,2008,4,6
6,21003,2012,5,6
6,21004,1992,4,6
6,21004,1996,4,6
6,21004,2000,4,6
6,21004,2004,4,6
6,21004,2008,4,6
6,21004,2012,3,6
6,21010,1992,4,6
6,21010,1996,3,6
6,21010,2000,3,6
6,21010,2004,4,6
6,21010,2008,4,6
6,21010,2012,5,6
6,21109,1992,4,6
6,21109,1996,4,6
6,21109,2000,4,6
6,21109,2004,4,6
6,21109,2008,4,6
6,21109,2012,5,6
6,25010,1992,4,6
6,25010,1996,4,6
6,25010,2000,4,6
6,25010,2004,3,6
6,25010,2008,4,6
6,25010,2012,5,6
6,25014,1992,4,6
6,25014,1996,4,6
6,25014,2000,4,6
6,25014,2004,4,6
6,25014,2008,4,6
6,25014,2012,5,6
6,25018,1992,3,6
6,25018,1996,3,6
6,25018,2000,4,6
6,25018,2004,4,6
6,25018,2008,4,6
6,25018,2012,5,6
6,25020,1992,4,6
6,25020,1996,4,6
6,25020,2000,4,6
6,25020,2004,4,6
6,25020,2008,4,6
6,25020,2012,4,6
6,25021,1992,4,6
6,25021,1996,3,6
6,25021,2000,4,6
6,25021,2004,4,6
6,25021,2008,4,6
6,25021,2012,5,6
6,25022,1992,4,6
6,25022,1996,4,6
6,25022,2000,4,6
6,25022,2004,4,6
6,25022,2008,4,6
6,25022,2012,5,6
6,25024,1992,4,6
6,25024,1996,3,6
6,25024,2000,4,6
6,25024,2004,4,6
6,25024,2008,4,6
6,25024,2012,5,6
6,25025,1992,4,6
6,25025,1996,4,6
6,25025,2000,4,6
6,25025,2004,4,6
6,25025,2008,4,6
6,25025,2012,5,6
6,25027,1992,4,6
6,25027,1996,4,6
6,25027,2000,4,6
6,25027,2004,4,6
6,25027,2008,4,6
6,25027,2012,5,6
6,25031,1992,4,6
6,25031,1996,4,6
6,25031,2000,4,6
6,25031,2004,4,6
6,25031,2008,4,6
6,25031,2012,5,6
6,25037,1992,4,6
6,25037,1996,4,6
6,25037,2000,4,6
6,25037,2004,4,6
6,25037,2008,4,6
6,25037,2012,4,6
6,25053,1992,4,6
6,25053,1996,4,6
6,25053,2000,4,6
6,25053,2004,3,6
6,25053,2008,4,6
6,25053,2012,5,6
6,25062,1992,4,6
6,25062,1996,3,6
6,25062,2000,4,6
6,25062,2004,3,6
6,25062,2008,4,6
6,25062,2012,5,6
6,25066,1992,3,6
6,25066,1996,4,6
6,25066,2000,4,6
6,25066,2004,4,6
6,25066,2008,4,6
6,25066,2012,5,6
6,25067,1992,4,6
6,25067,1996,4,6
6,25067,2000,4,6
6,25067,2004,4,6
6,25067,2008,4,6
6,25067,2012,5,6
6,25073,1992,3,6
6,25073,1996,4,6
6,25073,2000,4,6
6,25073,2004,4,6
6,25073,2008,4,6
6,25073,2012,5,6
6,25081,1992,4,6
6,25081,1996,4,6
6,25081,2000,4,6
6,25081,2004,4,6
6,25081,2008,4,6
6,25081,2012,5,6
6,25086,1992,4,6
6,25086,1996,4,6
6,25086,2000,4,6
6,25086,2004,4,6
6,25086,2008,4,6
6,25086,2012,4,6
6,25087,1992,4,6
6,25087,1996,4,6
6,25087,2000,4,6
6,25087,2004,4,6
6,25087,2008,4,6
6,25087,2012,5,6
6,25113,1992,4,6
6,25113,1996,4,6
6,25113,2000,4,6
6,25113,2004,4,6
6,25113,2008,4,6
6,25113,2012,5,6
6,25129,1992,4,6
6,25129,1996,4,6
6,25129,2000,4,6
6,25129,2004,4,6
6,25129,2008,4,6
6,25129,2012,3,6
6,25132,1992,4,6
6,25132,1996,3,6
6,25132,2000,4,6
6,25132,2004,4,6
6,25132,2008,4,6
6,25132,2012,4,6
6,25175,1992,3,6
6,25175,1996,3,6
6,25175,2000,4,6
6,25175,2004,3,6
6,25175,2008,3,6
6,25175,2012,5,6
6,27004,1992,4,6
6,27004,1996,4,6
6,27004,2000,3,6
6,27004,2004,4,6
6,27004,2008,3,6
6,27004,2012,4,6
6,27005,1992,4,6
6,27005,1996,4,6
6,27005,2000,3,6
6,27005,2004,3,6
6,27005,2008,4,6
6,27005,2012,4,6
6,27010,1992,4,6
6,27010,1996,4,6
6,27010,2000,4,6
6,27010,2004,4,6
6,27010,2008,4,6
6,27010,2012,5,6
6,27014,1992,4,6
6,27014,1996,4,6
6,27014,2000,4,6
6,27014,2004,3,6
6,27014,2008,4,6
6,27014,2012,3,6
6,27021,1992,3,6
6,27021,1996,4,6
6,27021,2000,4,6
6,27021,2004,4,6
6,27021,2008,4,6
6,27021,2012,3,6
6,27027,1992,3,6
6,27027,1996,4,6
6,27027,2000,4,6
6,27027,2004,4,6
6,27027,2008,4,6
6,27027,2012,5,6
6,27033,1992,4,6
6,27033,1996,4,6
6,27033,2000,4,6
6,27033,2004,4,6
6,27033,2008,4,6
6,27033,2012,5,6
6,27036,1992,3,6
6,27036,1996,4,6
6,27036,2000,4,6
6,27036,2004,3,6
6,27036,2008,4,6
6,27036,2012,5,6
6,27041,1992,4,6
6,27041,1996,4,6
6,27041,2000,4,6
6,27041,2004,3,6
6,27041,2008,4,6
6,27041,2012,5,6
6,27044,1992,4,6
6,27044,1996,3,6
6,27044,2000,4,6
6,27044,2004,4,6
6,27044,2008,4,6
6,27044,2012,3,6
6,27046,1992,4,6
6,27046,1996,4,6
6,27046,2000,4,6
6,27046,2004,4,6
6,27046,2008,4,6
6,27046,2012,5,6
6,27048,1992,4,6
6,27048,1996,4,6
6,27048,2000,4,6
6,27048,2004,3,6
6,27048,2008,4,6
6,27048,2012,5,6
6,27050,1992,4,6
6,27050,1996,3,6
6,27050,2000,4,6
6,27050,2004,3,6
6,27050,2008,4,6
6,27050,2012,5,6
6,27051,1992,3,6
6,27051,1996,4,6
6,27051,2000,4,6
6,27051,2004,3,6
6,27051,2008,4,6
6,27051,2012,5,6
6,27057,1992,4,6
6,27057,1996,4,6
6,27057,2000,4,6
6,27057,2004,4,6
6,27057,2008,4,6
6,27057,2012,5,6
6,33006,1992,4,6
6,33006,1996,4,6
6,33006,2000,3,6
6,33006,2004,4,6
6,33006,2008,3,6
6,33006,2012,4,6
6,33010,1992,4,6
6,33010,1996,4,6
6,33010,2000,3,6
6,33010,2004,4,6
6,33010,2008,4,6
6,33010,2012,5,6
6,33014,1992,4,6
6,33014,1996,3,6
6,33014,2000,4,6
6,33014,2004,4,6
6,33014,2008,3,6
6,33014,2012,5,6
6,33020,1992,4,6
6,33020,1996,4,6
6,33020,2000,4,6
6,33020,2004,4,6
6,33020,2008,4,6
6,33020,2012,5,6
6,33021,1992,4,6
6,33021,1996,4,6
6,33021,2000,4,6
6,33021,2004,4,6
6,33021,2008,4,6
6,33021,2012,5,6
6,33027,1992,4,6
6,33027,1996,4,6
6,33027,2000,4,6
6,33027,2004,4,6
6,33027,2008,4,6
6,33027,2012,5,6
6,33029,1992,4,6
6,33029,1996,3,6
6,33029,2000,4,6
6,33029,2004,4,6
6,33029,2008,4,6
6,33029,2012,3,6
6,33111,1992,4,6
6,33111,1996,4,6
6,33111,2000,4,6
6,33111,2004,3,6
6,33111,2008,3,6
6,33111,2012,4,6
6,33128,1992,4,6
6,33128,1996,4,6
6,33128,2000,4,6
6,33128,2004,4,6
6,33128,2008,4,6
6,33128,2012,5,6
6,33204,1992,3,6
6,33204,1996,3,6
6,33204,2000,3,6
6,33204,2004,4,6
6,33204,2008,4,6
6,33204,2012,5,6
6,33208,1992,4,6
6,33208,1996,4,6
6,33208,2000,4,6
6,33208,2004,4,6
6,33208,2008,3,6
6,33208,2012,5,6
6,33209,1992,4,6
6,33209,1996,3,6
6,33209,2000,4,6
6,33209,2004,4,6
6,33209,2008,4,6
6,33209,2012,3,6
6,33211,1992,4,6
6,33211,1996,4,6
6,33211,2000,3,6
6,33211,2004,4,6
6,33211,2008,3,6
6,33211,2012,4,6
6,33212,1992,4,6
6,33212,1996,4,6
6,33212,2000,4,6
6,33212,2004,4,6
6,33212,2008,4,6
6,33212,2012,5,6
6,33214,1992,4,6
6,33214,1996,4,6
6,33214,2000,3,6
6,33214,2004,4,6
6,33214,2008,3,6
6,33214,2012,4,6
6,33217,1992,3,6
6,33217,1996,4,6
6,33217,2000,4,6
6,33217,2004,4,6
6,33217,2008,4,6
6,33217,2012,5,6
6,33218,1992,4,6
6,33218,1996,4,6
6,33218,2000,4,6
6,33218,2004,4,6
6,33218,2008,3,6
6,33218,2012,4,6
6,33220,1992,4,6
6,33220,1996,4,6
6,33220,2000,4,6
6,33220,2004,4,6
6,33220,2008,4,6
6,33220,2012,5,6
6,33222,1992,4,6
6,33222,1996,3,6
6,33222,2000,4,6
6,33222,2004,3,6
6,33222,2008,3,6
6,33222,2012,5,6
6,34001,1992,3,6
6,34001,1996,3,6
6,34001,2000,4,6
6,34001,2004,3,6
6,34001,2008,4,6
6,34001,2012,5,6
6,34002,1992,4,6
6,34002,1996,4,6
6,34002,2000,4,6
6,34002,2004,4,6
6,34002,2008,4,6
6,34002,2012,5,6
6,34003,1992,4,6
6,34003,1996,4,6
6,34003,2000,4,6
6,34003,2004,4,6
6,34003,2008,3,6
6,34003,2012,5,6
6,34012,1992,3,6
6,34012,1996,4,6
6,34012,2000,4,6
6,34012,2004,4,6
6,34012,2008,4,6
6,34012,2012,3,6
6,34014,1992,4,6
6,34014,1996,4,6
6,34014,2000,4,6
6,34014,2004,4,6
6,34014,2008,4,6
6,34014,2012,4,6
6,34020,1992,4,6
6,34020,1996,4,6
6,34020,2000,4,6
6,34020,2004,4,6
6,34020,2008,3,6
6,34020,2012,5,6
6,34022,1992,3,6
6,34022,1996,4,6
6,34022,2000,4,6
6,34022,2004,4,6
6,34022,2008,4,6
6,34022,2012,5,6
6,34023,1992,4,6
6,34023,1996,4,6
6,34023,2000,4,6
6,34023,2004,4,6
6,34023,2008,3,6
6,34023,2012,5,6
6,34024,1992,4,6
6,34024,1996,4,6
6,34024,2000,4,6
6,34024,2004,4,6
6,34024,2008,4,6
6,34024,2012,4,6
6,34025,1992,4,6
6,34025,1996,4,6
6,34025,2000,4,6
6,34025,2004,4,6
6,34025,2008,4,6
6,34025,2012,5,6
6,34026,1992,4,6
6,34026,1996,3,6
6,34026,2000,3,6
6,34026,2004,4,6
6,34026,2008,4,6
6,34026,2012,4,6
6,34029,1992,4,6
6,34029,1996,4,6
6,34029,2000,4,6
6,34029,2004,4,6
6,34029,2008,4,6
6,34029,2012,5,6
6,34030,1992,4,6
6,34030,1996,4,6
6,34030,2000,4,6
6,34030,2004,4,6
6,34030,2008,4,6
6,34030,2012,5,6
6,34031,1992,4,6
6,34031,1996,4,6
6,34031,2000,3,6
6,34031,2004,3,6
6,34031,2008,3,6
6,34031,2012,5,6
6,34036,1992,4,6
6,34036,1996,4,6
6,34036,2000,4,6
6,34036,2004,3,6
6,34036,2008,3,6
6,34036,2012,5,6
6,34038,1992,4,6
6,34038,1996,4,6
6,34038,2000,4,6
6,34038,2004,4,6
6,34038,2008,4,6
6,34038,2012,5,6
6,34041,1992,4,6
6,34041,1996,4,6
6,34041,2000,4,6
6,34041,2004,4,6
6,34041,2008,4,6
6,34041,2012,4,6
6,34042,1992,4,6
6,34042,1996,4,6
6,34042,2000,4,6
6,34042,2004,4,6
6,34042,2008,4,6
6,34042,2012,5,6
6,34043,1992,4,6
6,34043,1996,4,6
6,34043,2000,4,6
6,34043,2004,4,6
6,34043,2008,4,6
6,34043,2012,4,6
6,34044,1992,4,6
6,34044,1996,4,6
6,34044,2000,4,6
6,34044,2004,4,6
6,34044,2008,4,6
6,34044,2012,5,6
6,34046,1992,4,6
6,34046,1996,4,6
6,34046,2000,4,6
6,34046,2004,4,6
6,34046,2008,4,6
6,34046,2012,5,6
6,34047,1992,4,6
6,34047,1996,4,6
6,34047,2000,3,6
6,34047,2004,4,6
6,34047,2008,4,6
6,34047,2012,4,6
6,34049,1992,4,6
6,34049,1996,4,6
6,34049,2000,4,6
6,34049,2004,4,6
6,34049,2008,4,6
6,34049,2012,5,6
6,34050,1992,4,6
6,34050,1996,4,6
6,34050,2000,4,6
6,34050,2004,3,6
6,34050,2008,3,6
6,34050,2012,4,6
6,34051,1992,3,6
6,34051,1996,4,6
6,34051,2000,4,6
6,34051,2004,4,6
6,34051,2008,4,6
6,34051,2012,5,6
6,34052,1992,4,6
6,34052,1996,4,6
6,34052,2000,4,6
6,34052,2004,4,6
6,34052,2008,4,6
6,34052,2012,5,6
6,34054,1992,4,6
6,34054,1996,4,6
6,34054,2000,4,6
6,34054,2004,4,6
6,34054,2008,4,6
6,34054,2012,4,6
6,34055,1992,4,6
6,34055,1996,4,6
6,34055,2000,4,6
6,34055,2004,4,6
6,34055,2008,4,6
6,34055,2012,3,6
6,34056,1992,4,6
6,34056,1996,4,6
6,34056,2000,4,6
6,34056,2004,4,6
6,34056,2008,4,6
6,34056,2012,4,6
6,34059,1992,4,6
6,34059,1996,4,6
6,34059,2000,4,6
6,34059,2004,4,6
6,34059,2008,4,6
6,34059,2012,5,6
6,34060,1992,4,6
6,34060,1996,4,6
6,34060,2000,4,6
6,34060,2004,4,6
6,34060,2008,4,6
6,34060,2012,5,6
6,34061,1992,4,6
6,34061,1996,4,6
6,34061,2000,4,6
6,34061,2004,4,6
6,34061,2008,4,6
6,34061,2012,5,6
6,34063,1992,4,6
6,34063,1996,4,6
6,34063,2000,4,6
6,34063,2004,4,6
6,34063,2008,4,6
6,34063,2012,5,6
6,34065,1992,3,6
6,34065,1996,4,6
6,34065,2000,4,6
6,34065,2004,4,6
6,34065,2008,4,6
6,34065,2012,5,6
6,34066,1992,3,6
6,34066,1996,4,6
6,34066,2000,4,6
6,34066,2004,4,6
6,34066,2008,4,6
6,34066,2012,5,6
6,34067,1992,3,6
6,34067,1996,4,6
6,34067,2000,4,6
6,34067,2004,4,6
6,34067,2008,4,6
6,34067,2012,5,6
6,34070,1992,3,6
6,34070,1996,4,6
6,34070,2000,4,6
6,34070,2004,4,6
6,34070,2008,4,6
6,34070,2012,5,6
6,34071,1992,3,6
6,34071,1996,4,6
6,34071,2000,4,6
6,34071,2004,4,6
6,34071,2008,4,6
6,34071,2012,5,6
6,34074,1992,3,6
6,34074,1996,4,6
6,34074,2000,4,6
6,34074,2004,4,6
6,34074,2008,4,6
6,34074,2012,4,6
6,34075,1992,3,6
6,34075,1996,4,6
6,34075,2000,4,6
6,34075,2004,3,6
6,34075,2008,4,6
6,34075,2012,4,6
6,34076,1992,3,6
6,34076,1996,4,6
6,34076,2000,4,6
6,34076,2004,4,6
6,34076,2008,4,6
6,34076,2012,3,6
6,34078,1992,3,6
6,34078,1996,4,6
6,34078,2000,4,6
6,34078,2004,4,6
6,34078,2008,3,6
6,34078,2012,5,6
6,34079,1992,3,6
6,34079,1996,4,6
6,34079,2000,4,6
6,34079,2004,4,6
6,34079,2008,4,6
6,34079,2012,5,6
6,34080,1992,3,6
6,34080,1996,4,6
6,34080,2000,4,6
6,34080,2004,4,6
6,34080,2008,4,6
6,34080,2012,5,6
6,35005,1992,4,6
6,35005,1996,4,6
6,35005,2000,4,6
6,35005,2004,4,6
6,35005,2008,4,6
6,35005,2012,5,6
6,35009,1992,3,6
6,35009,1996,4,6
6,35009,2000,4,6
6,35009,2004,4,6
6,35009,2008,4,6
6,35009,2012,4,6
6,35010,1992,4,6
6,35010,1996,4,6
6,35010,2000,4,6
6,35010,2004,4,6
6,35010,2008,4,6
6,35010,2012,5,6
6,35011,1992,4,6
6,35011,1996,4,6
6,35011,2000,4,6
6,35011,2004,4,6
6,35011,2008,4,6
6,35011,2012,5,6
6,35012,1992,3,6
6,35012,1996,3,6
6,35012,2000,3,6
6,35012,2004,4,6
6,35012,2008,4,6
6,35012,2012,5,6
6,35013,1992,4,6
6,35013,1996,4,6
6,35013,2000,4,6
6,35013,2004,4,6
6,35013,2008,4,6
6,35013,2012,5,6
6,35014,1992,4,6
6,35014,1996,4,6
6,35014,2000,4,6
6,35014,2004,4,6
6,35014,2008,4,6
6,35014,2012,5,6
6,35020,1992,4,6
6,35020,1996,3,6
6,35020,2000,3,6
6,35020,2004,4,6
6,35020,2008,4,6
6,35020,2012,4,6
6,35021,1992,4,6
6,35021,1996,3,6
6,35021,2000,4,6
6,35021,2004,4,6
6,35021,2008,4,6
6,35021,2012,5,6
6,35022,1992,4,6
6,35022,1996,4,6
6,35022,2000,4,6
6,35022,2004,3,6
6,35022,2008,3,6
6,35022,2012,5,6
6,35026,1992,4,6
6,35026,1996,4,6
6,35026,2000,3,6
6,35026,2004,3,6
6,35026,2008,4,6
6,35026,2012,5,6
6,35029,1992,3,6
6,35029,1996,3,6
6,35029,2000,4,6
6,35029,2004,4,6
6,35029,2008,3,6
6,35029,2012,3,6
6,35035,1992,4,6
6,35035,1996,4,6
6,35035,2000,4,6
6,35035,2004,4,6
6,35035,2008,3,6
6,35035,2012,5,6
6,35038,1992,3,6
6,35038,1996,4,6
6,35038,2000,4,6
6,35038,2004,4,6
6,35038,2008,4,6
6,35038,2012,5,6
6,35115,1992,3,6
6,35115,1996,3,6
6,35115,2000,4,6
6,35115,2004,4,6
6,35115,2008,4,6
6,35115,2012,3,6
6,36002,1992,4,6
6,36002,1996,4,6
6,36002,2000,4,6
6,36002,2004,4,6
6,36002,2008,4,6
6,36002,2012,5,6
6,36003,1992,4,6
6,36003,1996,4,6
6,36003,2000,4,6
6,36003,2004,4,6
6,36003,2008,4,6
6,36003,2012,4,6
6,36006,1992,4,6
6,36006,1996,4,6
6,36006,2000,4,6
6,36006,2004,4,6
6,36006,2008,4,6
6,36006,2012,5,6
6,36011,1992,4,6
6,36011,1996,4,6
6,36011,2000,4,6
6,36011,2004,4,6
6,36011,2008,3,6
6,36011,2012,4,6
6,36013,1992,4,6
6,36013,1996,4,6
6,36013,2000,4,6
6,36013,2004,4,6
6,36013,2008,4,6
6,36013,2012,5,6
6,36014,1992,4,6
6,36014,1996,4,6
6,36014,2000,3,6
6,36014,2004,4,6
6,36014,2008,4,6
6,36014,2012,5,6
6,36017,1992,4,6
6,36017,1996,4,6
6,36017,2000,3,6
6,36017,2004,4,6
6,36017,2008,4,6
6,36017,2012,5,6
6,36028,1992,4,6
6,36028,1996,4,6
6,36028,2000,4,6
6,36028,2004,4,6
6,36028,2008,4,6
6,36028,2012,5,6
6,36032,1992,4,6
6,36032,1996,4,6
6,36032,2000,3,6
6,36032,2004,4,6
6,36032,2008,4,6
6,36032,2012,5,6
6,36033,1992,4,6
6,36033,1996,4,6
6,36033,2000,4,6
6,36033,2004,3,6
6,36033,2008,4,6
6,36033,2012,5,6
6,38001,1992,3,6
6,38001,1996,3,6
6,38001,2000,3,6
6,38001,2004,3,6
6,38001,2008,3,6
6,38001,2012,4,6
6,38003,1992,4,6
6,38003,1996,4,6
6,38003,2000,4,6
6,38003,2004,3,6
6,38003,2008,4,6
6,38003,2012,3,6
6,38006,1992,3,6
6,38006,1996,3,6
6,38006,2000,4,6
6,38006,2004,4,6
6,38006,2008,4,6
6,38006,2012,5,6
6,38007,1992,3,6
6,38007,1996,3,6
6,38007,2000,3,6
6,38007,2004,4,6
6,38007,2008,4,6
6,38007,2012,5,6
6,38008,1992,4,6
6,38008,1996,3,6
6,38008,2000,4,6
6,38008,2004,3,6
6,38008,2008,4,6
6,38008,2012,5,6
6,38010,1992,4,6
6,38010,1996,4,6
6,38010,2000,4,6
6,38010,2004,4,6
6,38010,2008,4,6
6,38010,2012,3,6
6,38014,1992,4,6
6,38014,1996,4,6
6,38014,2000,4,6
6,38014,2004,4,6
6,38014,2008,4,6
6,38014,2012,5,6
6,38015,1992,4,6
6,38015,1996,4,6
6,38015,2000,4,6
6,38015,2004,4,6
6,38015,2008,4,6
6,38015,2012,5,6
6,38016,1992,4,6
6,38016,1996,4,6
6,38016,2000,4,6
6,38016,2004,4,6
6,38016,2008,4,6
6,38016,2012,5,6
6,38017,1992,3,6
6,38017,1996,4,6
6,38017,2000,4,6
6,38017,2004,4,6
6,38017,2008,4,6
6,38017,2012,5,6
6,38025,1992,3,6
6,38025,1996,3,6
6,38025,2000,4,6
6,38025,2004,4,6
6,38025,2008,3,6
6,38025,2012,4,6
6,38026,1992,4,6
6,38026,1996,4,6
6,38026,2000,4,6
6,38026,2004,4,6
6,38026,2008,4,6
6,38026,2012,5,6
6,38027,1992,4,6
6,38027,1996,3,6
6,38027,2000,4,6
6,38027,2004,4,6
6,38027,2008,4,6
6,38027,2012,5,6
6,38028,1992,4,6
6,38028,1996,4,6
6,38028,2000,4,6
6,38028,2004,4,6
6,38028,2008,4,6
6,38028,2012,5,6
6,38029,1992,4,6
6,38029,1996,4,6
6,38029,2000,4,6
6,38029,2004,4,6
6,38029,2008,4,6
6,38029,2012,4,6
6,38030,1992,4,6
6,38030,1996,4,6
6,38030,2000,4,6
6,38030,2004,4,6
6,38030,2008,4,6
6,38030,2012,5,6
6,38032,1992,4,6
6,38032,1996,3,6
6,38032,2000,3,6
6,38032,2004,4,6
6,38032,2008,4,6
6,38032,2012,5,6
6,38037,1992,4,6
6,38037,1996,4,6
6,38037,2000,4,6
6,38037,2004,4,6
6,38037,2008,3,6
6,38037,2012,5,6
6,39001,1992,3,6
6,39001,1996,4,6
6,39001,2000,4,6
6,39001,2004,4,6
6,39001,2008,4,6
6,39001,2012,3,6
6,39003,1992,4,6
6,39003,1996,3,6
6,39003,2000,4,6
6,39003,2004,4,6
6,39003,2008,4,6
6,39003,2012,5,6
6,39006,1992,4,6
6,39006,1996,4,6
6,39006,2000,4,6
6,39006,2004,4,6
6,39006,2008,4,6
6,39006,2012,4,6
6,39009,1992,4,6
6,39009,1996,4,6
6,39009,2000,4,6
6,39009,2004,4,6
6,39009,2008,4,6
6,39009,2012,5,6
6,39010,1992,4,6
6,39010,1996,4,6
6,39010,2000,4,6
6,39010,2004,4,6
6,39010,2008,4,6
6,39010,2012,5,6
6,39021,1992,4,6
6,39021,1996,4,6
6,39021,2000,4,6
6,39021,2004,3,6
6,39021,2008,4,6
6,39021,2012,5,6
6,39025,1992,4,6
6,39025,1996,3,6
6,39025,2000,4,6
6,39025,2004,4,6
6,39025,2008,4,6
6,39025,2012,5,6
6,39036,1992,3,6
6,39036,1996,3,6
6,39036,2000,4,6
6,39036,2004,4,6
6,39036,2008,3,6
6,39036,2012,4,6
6,39039,1992,4,6
6,39039,1996,3,6
6,39039,2000,3,6
6,39039,2004,4,6
6,39039,2008,4,6
6,39039,2012,5,6
6,39040,1992,4,6
6,39040,1996,4,6
6,39040,2000,4,6
6,39040,2004,4,6
6,39040,2008,4,6
6,39040,2012,3,6
6,39041,1992,4,6
6,39041,1996,4,6
6,39041,2000,3,6
6,39041,2004,4,6
6,39041,2008,4,6
6,39041,2012,5,6
6,39044,1992,4,6
6,39044,1996,4,6
6,39044,2000,4,6
6,39044,2004,4,6
6,39044,2008,4,6
6,39044,2012,5,6
6,39137,1992,4,6
6,39137,1996,4,6
6,39137,2000,3,6
6,39137,2004,3,6
6,39137,2008,4,6
6,39137,2012,5,6
6,42012,1992,4,6
6,42012,1996,4,6
6,42012,2000,3,6
6,42012,2004,3,6
6,42012,2008,4,6
6,42012,2012,4,6
6,42015,1992,3,6
6,42015,1996,4,6
6,42015,2000,4,6
6,42015,2004,4,6
6,42015,2008,4,6
6,42015,2012,5,6
6,42018,1992,4,6
6,42018,1996,4,6
6,42018,2000,4,6
6,42018,2004,4,6
6,42018,2008,4,6
6,42018,2012,5,6
6,42034,1992,4,6
6,42034,1996,4,6
6,42034,2000,4,6
6,42034,2004,4,6
6,42034,2008,4,6
6,42034,2012,5,6
6,42101,1992,4,6
6,42101,1996,4,6
6,42101,2000,4,6
6,42101,2004,4,6
6,42101,2008,4,6
6,42101,2012,5,6
6,42119,1992,4,6
6,42119,1996,4,6
6,42119,2000,4,6
6,42119,2004,4,6
6,42119,2008,4,6
6,42119,2012,4,6
6,42221,1992,4,6
6,42221,1996,4,6
6,42221,2000,4,6
6,42221,2004,4,6
6,42221,2008,4,6
6,42221,2012,5,6
6,44001,1992,4,6
6,44001,1996,3,6
6,44001,2000,4,6
6,44001,2004,4,6
6,44001,2008,4,6
6,44001,2012,3,6
6,44003,1992,4,6
6,44003,1996,4,6
6,44003,2000,4,6
6,44003,2004,4,6
6,44003,2008,3,6
6,44003,2012,4,6
6,44004,1992,4,6
6,44004,1996,3,6
6,44004,2000,4,6
6,44004,2004,4,6
6,44004,2008,4,6
6,44004,2012,3,6
6,44006,1992,4,6
6,44006,1996,4,6
6,44006,2000,4,6
6,44006,2004,4,6
6,44006,2008,4,6
6,44006,2012,5,6
6,44007,1992,4,6
6,44007,1996,4,6
6,44007,2000,4,6
6,44007,2004,4,6
6,44007,2008,3,6
6,44007,2012,5,6
6,44009,1992,4,6
6,44009,1996,4,6
6,44009,2000,3,6
6,44009,2004,3,6
6,44009,2008,3,6
6,44009,2012,3,6
6,44010,1992,4,6
6,44010,1996,4,6
6,44010,2000,4,6
6,44010,2004,4,6
6,44010,2008,3,6
6,44010,2012,3,6
6,44012,1992,4,6
6,44012,1996,4,6
6,44012,2000,4,6
6,44012,2004,4,6
6,44012,2008,4,6
6,44012,2012,4,6
6,44013,1992,4,6
6,44013,1996,4,6
6,44013,2000,4,6
6,44013,2004,4,6
6,44013,2008,4,6
6,44013,2012,5,6
6,44019,1992,4,6
6,44019,1996,4,6
6,44019,2000,4,6
6,44019,2004,4,6
6,44019,2008,4,6
6,44019,2012,5,6
6,44026,1992,4,6
6,44026,1996,4,6
6,44026,2000,4,6
6,44026,2004,4,6
6,44026,2008,4,6
6,44026,2012,4,6
6,44031,1992,4,6
6,44031,1996,4,6
6,44031,2000,4,6
6,44031,2004,4,6
6,44031,2008,4,6
6,44031,2012,4,6
6,44032,1992,4,6
6,44032,1996,4,6
6,44032,2000,4,6
6,44032,2004,4,6
6,44032,2008,4,6
6,44032,2012,5,6
6,44033,1992,4,6
6,44033,1996,4,6
6,44033,2000,4,6
6,44033,2004,4,6
6,44033,2008,4,6
6,44033,2012,3,6
6,44120,1992,4,6
6,44120,1996,4,6
6,44120,2000,4,6
6,44120,2004,4,6
6,44120,2008,4,6
6,44120,2012,5,6
6,46001,1992,3,6
6,46001,1996,4,6
6,46001,2000,3,6
6,46001,2004,4,6
6,46001,2008,4,6
6,46001,2012,5,6
6,46003,1992,4,6
6,46003,1996,4,6
6,46003,2000,4,6
6,46003,2004,4,6
6,46003,2008,4,6
6,46003,2012,5,6
6,46004,1992,4,6
6,46004,1996,4,6
6,46004,2000,4,6
6,46004,2004,4,6
6,46004,2008,3,6
6,46004,2012,5,6
6,46005,1992,4,6
6,46005,1996,4,6
6,46005,2000,4,6
6,46005,2004,4,6
6,46005,2008,4,6
6,46005,2012,5,6
6,46006,1992,4,6
6,46006,1996,4,6
6,46006,2000,4,6
6,46006,2004,4,6
6,46006,2008,4,6
6,46006,2012,5,6
6,46007,1992,3,6
6,46007,1996,4,6
6,46007,2000,4,6
6,46007,2004,4,6
6,46007,2008,3,6
6,46007,2012,3,6
6,46008,1992,4,6
6,46008,1996,4,6
6,46008,2000,4,6
6,46008,2004,4,6
6,46008,2008,3,6
6,46008,2012,5,6
6,46011,1992,4,6
6,46011,1996,4,6
6,46011,2000,4,6
6,46011,2004,4,6
6,46011,2008,4,6
6,46011,2012,5,6
6,46013,1992,4,6
6,46013,1996,4,6
6,46013,2000,4,6
6,46013,2004,4,6
6,46013,2008,4,6
6,46013,2012,5,6
6,46014,1992,4,6
6,46014,1996,4,6
6,46014,2000,4,6
6,46014,2004,4,6
6,46014,2008,4,6
6,46014,2012,5,6
6,46015,1992,4,6
6,46015,1996,4,6
6,46015,2000,4,6
6,46015,2004,4,6
6,46015,2008,4,6
6,46015,2012,5,6
6,46016,1992,4,6
6,46016,1996,4,6
6,46016,2000,4,6
6,46016,2004,4,6
6,46016,2008,4,6
6,46016,2012,5,6
6,46017,1992,4,6
6,46017,1996,4,6
6,46017,2000,4,6
6,46017,2004,4,6
6,46017,2008,4,6
6,46017,2012,3,6
6,46027,1992,4,6
6,46027,1996,4,6
6,46027,2000,4,6
6,46027,2004,4,6
6,46027,2008,3,6
6,46027,2012,3,6
6,46029,1992,3,6
6,46029,1996,4,6
6,46029,2000,4,6
6,46029,2004,4,6
6,46029,2008,4,6
6,46029,2012,5,6
6,46030,1992,4,6
6,46030,1996,4,6
6,46030,2000,4,6
6,46030,2004,4,6
6,46030,2008,4,6
6,46030,2012,4,6
6,46031,1992,4,6
6,46031,1996,4,6
6,46031,2000,4,6
6,46031,2004,4,6
6,46031,2008,3,6
6,46031,2012,5,6
6,46032,1992,4,6
6,46032,1996,4,6
6,46032,2000,4,6
6,46032,2004,4,6
6,46032,2008,4,6
6,46032,2012,5,6
6,46033,1992,3,6
6,46033,1996,4,6
6,46033,2000,4,6
6,46033,2004,4,6
6,46033,2008,4,6
6,46033,2012,5,6
6,46035,1992,4,6
6,46035,1996,3,6
6,46035,2000,4,6
6,46035,2004,4,6
6,46035,2008,4,6
6,46035,2012,5,6
6,46036,1992,4,6
6,46036,1996,4,6
6,46036,2000,4,6
6,46036,2004,4,6
6,46036,2008,4,6
6,46036,2012,5,6
6,46037,1992,3,6
6,46037,1996,4,6
6,46037,2000,4,6
6,46037,2004,4,6
6,46037,2008,4,6
6,46037,2012,5,6
6,46038,1992,4,6
6,46038,1996,4,6
6,46038,2000,4,6
6,46038,2004,4,6
6,46038,2008,4,6
6,46038,2012,5,6
6,46039,1992,4,6
6,46039,1996,4,6
6,46039,2000,4,6
6,46039,2004,4,6
6,46039,2008,3,6
6,46039,2012,5,6
6,46041,1992,4,6
6,46041,1996,4,6
6,46041,2000,4,6
6,46041,2004,3,6
6,46041,2008,4,6
6,46041,2012,5,6
6,46042,1992,3,6
6,46042,1996,4,6
6,46042,2000,4,6
6,46042,2004,4,6
6,46042,2008,4,6
6,46042,2012,5,6
6,46043,1992,4,6
6,46043,1996,4,6
6,46043,2000,4,6
6,46043,2004,4,6
6,46043,2008,4,6
6,46043,2012,5,6
6,46044,1992,4,6
6,46044,1996,4,6
6,46044,2000,4,6
6,46044,2004,4,6
6,46044,2008,4,6
6,46044,2012,5,6
6,46046,1992,3,6
6,46046,1996,4,6
6,46046,2000,4,6
6,46046,2004,4,6
6,46046,2008,4,6
6,46046,2012,4,6
6,46047,1992,4,6
6,46047,1996,4,6
6,46047,2000,4,6
6,46047,2004,4,6
6,46047,2008,4,6
6,46047,2012,5,6
6,46048,1992,4,6
6,46048,1996,4,6
6,46048,2000,4,6
6,46048,2004,4,6
6,46048,2008,4,6
6,46048,2012,4,6
6,46102,1992,4,6
6,46102,1996,4,6
6,46102,2000,4,6
6,46102,2004,4,6
6,46102,2008,4,6
6,46102,2012,5,6
6,46110,1992,3,6
6,46110,1996,3,6
6,46110,2000,3,6
6,46110,2004,4,6
6,46110,2008,3,6
6,46110,2012,5,6
6,46112,1992,4,6
6,46112,1996,4,6
6,46112,2000,4,6
6,46112,2004,4,6
6,46112,2008,3,6
6,46112,2012,5,6
6,46123,1992,4,6
6,46123,1996,4,6
6,46123,2000,4,6
6,46123,2004,4,6
6,46123,2008,4,6
6,46123,2012,5,6
6,46126,1992,4,6
6,46126,1996,4,6
6,46126,2000,3,6
6,46126,2004,4,6
6,46126,2008,4,6
6,46126,2012,5,6
6,47001,1992,3,6
6,47001,1996,4,6
6,47001,2000,4,6
6,47001,2004,4,6
6,47001,2008,4,6
6,47001,2012,5,6
6,47009,1992,4,6
6,47009,1996,4,6
6,47009,2000,3,6
6,47009,2004,4,6
6,47009,2008,4,6
6,47009,2012,5,6
6,47014,1992,4,6
6,47014,1996,4,6
6,47014,2000,4,6
6,47014,2004,4,6
6,47014,2008,4,6
6,47014,2012,5,6
6,47017,1992,4,6
6,47017,1996,4,6
6,47017,2000,3,6
6,47017,2004,4,6
6,47017,2008,4,6
6,47017,2012,5,6
6,47018,1992,4,6
6,47018,1996,4,6
6,47018,2000,4,6
6,47018,2004,4,6
6,47018,2008,4,6
6,47018,2012,3,6
6,47019,1992,4,6
6,47019,1996,4,6
6,47019,2000,4,6
6,47019,2004,4,6
6,47019,2008,4,6
6,47019,2012,5,6
6,49017,1992,4,6
6,49017,1996,4,6
6,49017,2000,4,6
6,49017,2004,3,6
6,49017,2008,4,6
6,49017,2012,5,6
6,49018,1992,4,6
6,49018,1996,4,6
6,49018,2000,4,6
6,49018,2004,4,6
6,49018,2008,4,6
6,49018,2012,5,6
6,49019,1992,4,6
6,49019,1996,4,6
6,49019,2000,3,6
6,49019,2004,3,6
6,49019,2008,3,6
6,49019,2012,4,6
6,49021,1992,4,6
6,49021,1996,4,6
6,49021,2000,4,6
6,49021,2004,4,6
6,49021,2008,4,6
6,49021,2012,3,6
6,49022,1992,4,6
6,49022,1996,4,6
6,49022,2000,3,6
6,49022,2004,3,6
6,49022,2008,3,6
6,49022,2012,5,6
6,49025,1992,4,6
6,49025,1996,3,6
6,49025,2000,3,6
6,49025,2004,4,6
6,49025,2008,4,6
6,49025,2012,5,6
6,49033,1992,3,6
6,49033,1996,4,6
6,49033,2000,4,6
6,49033,2004,4,6
6,49033,2008,4,6
6,49033,2012,5,6
6,49035,1992,4,6
6,49035,1996,3,6
6,49035,2000,4,6
6,49035,2004,3,6
6,49035,2008,3,6
6,49035,2012,5,6
6,49038,1992,4,6
6,49038,1996,4,6
6,49038,2000,4,6
6,49038,2004,4,6
6,49038,2008,4,6
6,49038,2012,5,6
6,49039,1992,4,6
6,49039,1996,4,6
6,49039,2000,3,6
6,49039,2004,4,6
6,49039,2008,4,6
6,49039,2012,5,6
6,49041,1992,4,6
6,49041,1996,4,6
6,49041,2000,3,6
6,49041,2004,4,6
6,49041,2008,4,6
6,49041,2012,5,6
6,49055,1992,4,6
6,49055,1996,4,6
6,49055,2000,4,6
6,49055,2004,4,6
6,49055,2008,4,6
6,49055,2012,5,6
6,49070,1992,4,6
6,49070,1996,3,6
6,49070,2000,4,6
6,49070,2004,4,6
6,49070,2008,4,6
6,49070,2012,5,6
6,49073,1992,4,6
6,49073,1996,4,6
6,49073,2000,4,6
6,49073,2004,4,6
6,49073,2008,4,6
6,49073,2012,4,6
6,49131,1992,4,6
6,49131,1996,4,6
6,49131,2000,4,6
6,49131,2004,4,6
6,49131,2008,4,6
6,49131,2012,5,6
6,50003,1992,4,6
6,50003,1996,4,6
6,50003,2000,4,6
6,50003,2004,4,6
6,50003,2008,4,6
6,50003,2012,5,6
6,50008,1992,4,6
6,50008,1996,4,6
6,50008,2000,4,6
6,50008,2004,4,6
6,50008,2008,4,6
6,50008,2012,5,6
6,50009,1992,4,6
6,50009,1996,3,6
6,50009,2000,4,6
6,50009,2004,4,6
6,50009,2008,4,6
6,50009,2012,4,6
6,50010,1992,3,6
6,50010,1996,3,6
6,50010,2000,4,6
6,50010,2004,3,6
6,50010,2008,3,6
6,50010,2012,5,6
6,50012,1992,4,6
6,50012,1996,4,6
6,50012,2000,4,6
6,50012,2004,4,6
6,50012,2008,3,6
6,50012,2012,5,6
6,50015,1992,4,6
6,50015,1996,4,6
6,50015,2000,4,6
6,50015,2004,4,6
6,50015,2008,4,6
6,50015,2012,5,6
6,50017,1992,4,6
6,50017,1996,4,6
6,50017,2000,4,6
6,50017,2004,4,6
6,50017,2008,4,6
6,50017,2012,3,6
6,50028,1992,3,6
6,50028,1996,4,6
6,50028,2000,3,6
6,50028,2004,4,6
6,50028,2008,4,6
6,50028,2012,5,6
6,50032,1992,4,6
6,50032,1996,4,6
6,50032,2000,4,6
6,50032,2004,4,6
6,50032,2008,4,6
6,50032,2012,5,6
6,50033,1992,4,6
6,50033,1996,4,6
6,50033,2000,4,6
6,50033,2004,4,6
6,50033,2008,4,6
6,50033,2012,5,6
6,50035,1992,3,6
6,50035,1996,4,6
6,50035,2000,4,6
6,50035,2004,4,6
6,50035,2008,4,6
6,50035,2012,5,6
6,50037,1992,4,6
6,50037,1996,4,6
6,50037,2000,4,6
6,50037,2004,4,6
6,50037,2008,4,6
6,50037,2012,5,6
6,50042,1992,3,6
6,50042,1996,4,6
6,50042,2000,4,6
6,50042,2004,4,6
6,50042,2008,4,6
6,50042,2012,5,6
6,50043,1992,4,6
6,50043,1996,3,6
6,50043,2000,4,6
6,50043,2004,4,6
6,50043,2008,4,6
6,50043,2012,5,6
6,50047,1992,3,6
6,50047,1996,4,6
6,50047,2000,4,6
6,50047,2004,4,6
6,50047,2008,4,6
6,50047,2012,5,6
6,50048,1992,4,6
6,50048,1996,4,6
6,50048,2000,4,6
6,50048,2004,4,6
6,50048,2008,4,6
6,50048,2012,5,6
6,50055,1992,3,6
6,50055,1996,4,6
6,50055,2000,4,6
6,50055,2004,3,6
6,50055,2008,3,6
6,50055,2012,5,6
6,50058,1992,3,6
6,50058,1996,3,6
6,50058,2000,3,6
6,50058,2004,3,6
6,50058,2008,4,6
6,50058,2012,5,6
6,50059,1992,3,6
6,50059,1996,4,6
6,50059,2000,4,6
6,50059,2004,3,6
6,50059,2008,4,6
6,50059,2012,5,6
6,50067,1992,3,6
6,50067,1996,4,6
6,50067,2000,4,6
6,50067,2004,4,6
6,50067,2008,4,6
6,50067,2012,5,6
6,50068,1992,3,6
6,50068,1996,4,6
6,50068,2000,4,6
6,50068,2004,4,6
6,50068,2008,4,6
6,50068,2012,3,6
6,50069,1992,3,6
6,50069,1996,4,6
6,50069,2000,3,6
6,50069,2004,3,6
6,50069,2008,4,6
6,50069,2012,3,6
6,50072,1992,3,6
6,50072,1996,4,6
6,50072,2000,4,6
6,50072,2004,4,6
6,50072,2008,4,6
6,50072,2012,5,6
6,50081,1992,3,6
6,50081,1996,4,6
6,50081,2000,3,6
6,50081,2004,3,6
6,50081,2008,4,6
6,50081,2012,5,6
6,51017,1992,4,6
6,51017,1996,3,6
6,51017,2000,4,6
6,51017,2004,3,6
6,51017,2008,4,6
6,51017,2012,3,6
6,51023,1992,4,6
6,51023,1996,4,6
6,51023,2000,4,6
6,51023,2004,4,6
6,51023,2008,4,6
6,51023,2012,5,6
6,51028,1992,4,6
6,51028,1996,4,6
6,51028,2000,3,6
6,51028,2004,4,6
6,51028,2008,4,6
6,51028,2012,3,6
6,51030,1992,4,6
6,51030,1996,4,6
6,51030,2000,4,6
6,51030,2004,4,6
6,51030,2008,4,6
6,51030,2012,5,6
6,51113,1992,4,6
6,51113,1996,4,6
6,51113,2000,4,6
6,51113,2004,4,6
6,51113,2008,4,6
6,51113,2012,5,6
6,52001,1992,3,6
6,52001,1996,3,6
6,52001,2000,4,6
6,52001,2004,4,6
6,52001,2008,4,6
6,52001,2012,5,6
6,52002,1992,3,6
6,52002,1996,4,6
6,52002,2000,4,6
6,52002,2004,4,6
6,52002,2008,4,6
6,52002,2012,5,6
6,52007,1992,3,6
6,52007,1996,4,6
6,52007,2000,4,6
6,52007,2004,4,6
6,52007,2008,4,6
6,52007,2012,5,6
6,52008,1992,4,6
6,52008,1996,4,6
6,52008,2000,4,6
6,52008,2004,3,6
6,52008,2008,4,6
6,52008,2012,4,6
6,52010,1992,4,6
6,52010,1996,4,6
6,52010,2000,4,6
6,52010,2004,4,6
6,52010,2008,4,6
6,52010,2012,5,6
6,52011,1992,4,6
6,52011,1996,4,6
6,52011,2000,4,6
6,52011,2004,4,6
6,52011,2008,4,6
6,52011,2012,5,6
6,52014,1992,4,6
6,52014,1996,4,6
6,52014,2000,4,6
6,52014,2004,4,6
6,52014,2008,4,6
6,52014,2012,5,6
6,52016,1992,4,6
6,52016,1996,4,6
6,52016,2000,4,6
6,52016,2004,4,6
6,52016,2008,4,6
6,52016,2012,4,6
6,52021,1992,4,6
6,52021,1996,4,6
6,52021,2000,4,6
6,52021,2004,4,6
6,52021,2008,4,6
6,52021,2012,4,6
6,52027,1992,4,6
6,52027,1996,4,6
6,52027,2000,4,6
6,52027,2004,4,6
6,52027,2008,4,6
6,52027,2012,5,6
6,52028,1992,3,6
6,52028,1996,3,6
6,52028,2000,3,6
6,52028,2004,4,6
6,52028,2008,3,6
6,52028,2012,5,6
6,52109,1992,4,6
6,52109,1996,3,6
6,52109,2000,4,6
6,52109,2004,4,6
6,52109,2008,4,6
6,52109,2012,4,6
6,52122,1992,4,6
6,52122,1996,4,6
6,52122,2000,4,6
6,52122,2004,3,6
6,52122,2008,3,6
6,52122,2012,3,6
6,52126,1992,3,6
6,52126,1996,3,6
6,52126,2000,4,6
6,52126,2004,4,6
6,52126,2008,4,6
6,52126,2012,3,6
6,52131,1992,4,6
6,52131,1996,4,6
6,52131,2000,4,6
6,52131,2004,4,6
6,52131,2008,4,6
6,52131,2012,5,6
6,53002,1992,4,6
6,53002,1996,4,6
6,53002,2000,4,6
6,53002,2004,4,6
6,53002,2008,4,6
6,53002,2012,5,6
6,53009,1992,4,6
6,53009,1996,4,6
6,53009,2000,4,6
6,53009,2004,4,6
6,53009,2008,4,6
6,53009,2012,5,6
6,53013,1992,4,6
6,53013,1996,4,6
6,53013,2000,3,6
6,53013,2004,3,6
6,53013,2008,4,6
6,53013,2012,5,6
6,53017,1992,4,6
6,53017,1996,3,6
6,53017,2000,3,6
6,53017,2004,4,6
6,53017,2008,4,6
6,53017,2012,5,6
6,53018,1992,4,6
6,53018,1996,4,6
6,53018,2000,4,6
6,53018,2004,3,6
6,53018,2008,4,6
6,53018,2012,4,6
6,53019,1992,4,6
6,53019,1996,3,6
6,53019,2000,4,6
6,53019,2004,4,6
6,53019,2008,4,6
6,53019,2012,5,6
6,53023,1992,4,6
6,53023,1996,4,6
6,53023,2000,4,6
6,53023,2004,3,6
6,53023,2008,3,6
6,53023,2012,3,6
6,53025,1992,4,6
6,53025,1996,4,6
6,53025,2000,4,6
6,53025,2004,3,6
6,53025,2008,4,6
6,53025,2012,5,6
6,53026,1992,4,6
6,53026,1996,4,6
6,53026,2000,4,6
6,53026,2004,4,6
6,53026,2008,4,6
6,53026,2012,5,6
6,53027,1992,3,6
6,53027,1996,4,6
6,53027,2000,4,6
6,53027,2004,4,6
6,53027,2008,4,6
6,53027,2012,5,6
6,53028,1992,4,6
6,53028,1996,4,6
6,53028,2000,4,6
6,53028,2004,4,6
6,53028,2008,4,6
6,53028,2012,5,6
6,53034,1992,4,6
6,53034,1996,4,6
6,53034,2000,4,6
6,53034,2004,3,6
6,53034,2008,3,6
6,53034,2012,4,6
6,53036,1992,3,6
6,53036,1996,4,6
6,53036,2000,4,6
6,53036,2004,4,6
6,53036,2008,4,6
6,53036,2012,5,6
6,53040,1992,4,6
6,53040,1996,4,6
6,53040,2000,4,6
6,53040,2004,4,6
6,53040,2008,4,6
6,53040,2012,5,6
6,53041,1992,3,6
6,53041,1996,3,6
6,53041,2000,4,6
6,53041,2004,4,6
6,53041,2008,4,6
6,53041,2012,3,6
6,53064,1992,3,6
6,53064,1996,4,6
6,53064,2000,4,6
6,53064,2004,4,6
6,53064,2008,4,6
6,53064,2012,4,6
6,53086,1992,4,6
6,53086,1996,4,6
6,53086,2000,4,6
6,53086,2004,3,6
6,53086,2008,3,6
6,53086,2012,5,6
6,53087,1992,3,6
6,53087,1996,4,6
6,53087,2000,4,6
6,53087,2004,4,6
6,53087,2008,4,6
6,53087,2012,4,6
6,54002,1992,4,6
6,54002,1996,4,6
6,54002,2000,4,6
6,54002,2004,3,6
6,54002,2008,3,6
6,54002,2012,4,6
6,54004,1992,4,6
6,54004,1996,4,6
6,54004,2000,3,6
6,54004,2004,4,6
6,54004,2008,3,6
6,54004,2012,4,6
6,54012,1992,3,6
6,54012,1996,4,6
6,54012,2000,4,6
6,54012,2004,4,6
6,54012,2008,4,6
6,54012,2012,5,6
6,54014,1992,4,6
6,54014,1996,4,6
6,54014,2000,3,6
6,54014,2004,4,6
6,54014,2008,4,6
6,54014,2012,5,6
6,54022,1992,3,6
6,54022,1996,4,6
6,54022,2000,4,6
6,54022,2004,4,6
6,54022,2008,4,6
6,54022,2012,5,6
6,54025,1992,4,6
6,54025,1996,4,6
6,54025,2000,4,6
6,54025,2004,3,6
6,54025,2008,4,6
6,54025,2012,3,6
6,54040,1992,4,6
6,54040,1996,4,6
6,54040,2000,4,6
6,54040,2004,4,6
6,54040,2008,4,6
6,54040,2012,5,6
6,55007,1992,4,6
6,55007,1996,3,6
6,55007,2000,4,6
6,55007,2004,4,6
6,55007,2008,3,6
6,55007,2012,3,6
6,55045,1992,4,6
6,55045,1996,4,6
6,55045,2000,4,6
6,55045,2004,4,6
6,55045,2008,3,6
6,55045,2012,3,6
6,55114,1992,4,6
6,55114,1996,4,6
6,55114,2000,4,6
6,55114,2004,3,6
6,55114,2008,4,6
6,55114,2012,5,6
6,58001,1992,4,6
6,58001,1996,4,6
6,58001,2000,4,6
6,58001,2004,4,6
6,58001,2008,4,6
6,58001,2012,5,6
6,58003,1992,4,6
6,58003,1996,4,6
6,58003,2000,4,6
6,58003,2004,4,6
6,58003,2008,4,6
6,58003,2012,5,6
6,58004,1992,4,6
6,58004,1996,4,6
6,58004,2000,4,6
6,58004,2004,4,6
6,58004,2008,4,6
6,58004,2012,5,6
6,58005,1992,4,6
6,58005,1996,3,6
6,58005,2000,4,6
6,58005,2004,3,6
6,58005,2008,4,6
6,58005,2012,4,6
6,58006,1992,4,6
6,58006,1996,3,6
6,58006,2000,3,6
6,58006,2004,4,6
6,58006,2008,4,6
6,58006,2012,5,6
6,58007,1992,3,6
6,58007,1996,4,6
6,58007,2000,4,6
6,58007,2004,4,6
6,58007,2008,4,6
6,58007,2012,5,6
6,58008,1992,4,6
6,58008,1996,4,6
6,58008,2000,4,6
6,58008,2004,4,6
6,58008,2008,4,6
6,58008,2012,5,6
6,58009,1992,4,6
6,58009,1996,4,6
6,58009,2000,4,6
6,58009,2004,4,6
6,58009,2008,4,6
6,58009,2012,5,6
6,58010,1992,4,6
6,58010,1996,4,6
6,58010,2000,4,6
6,58010,2004,4,6
6,58010,2008,4,6
6,58010,2012,5,6
6,58011,1992,4,6
6,58011,1996,4,6
6,58011,2000,3,6
6,58011,2004,4,6
6,58011,2008,4,6
6,58011,2012,5,6
6,58012,1992,3,6
6,58012,1996,4,6
6,58012,2000,4,6
6,58012,2004,4,6
6,58012,2008,3,6
6,58012,2012,4,6
6,58013,1992,3,6
6,58013,1996,4,6
6,58013,2000,4,6
6,58013,2004,4,6
6,58013,2008,4,6
6,58013,2012,5,6
6,58014,1992,4,6
6,58014,1996,4,6
6,58014,2000,4,6
6,58014,2004,4,6
6,58014,2008,4,6
6,58014,2012,5,6
6,58015,1992,4,6
6,58015,1996,4,6
6,58015,2000,3,6
6,58015,2004,4,6
6,58015,2008,4,6
6,58015,2012,3,6
6,58017,1992,4,6
6,58017,1996,3,6
6,58017,2000,4,6
6,58017,2004,4,6
6,58017,2008,4,6
6,58017,2012,5,6
6,58018,1992,4,6
6,58018,1996,4,6
6,58018,2000,4,6
6,58018,2004,4,6
6,58018,2008,3,6
6,58018,2012,5,6
6,58019,1992,4,6
6,58019,1996,4,6
6,58019,2000,4,6
6,58019,2004,4,6
6,58019,2008,4,6
6,58019,2012,5,6
6,58020,1992,4,6
6,58020,1996,4,6
6,58020,2000,4,6
6,58020,2004,3,6
6,58020,2008,4,6
6,58020,2012,4,6
6,58021,1992,4,6
6,58021,1996,3,6
6,58021,2000,4,6
6,58021,2004,4,6
6,58021,2008,4,6
6,58021,2012,4,6
6,58022,1992,4,6
6,58022,1996,4,6
6,58022,2000,3,6
6,58022,2004,4,6
6,58022,2008,3,6
6,58022,2012,5,6
6,58116,1992,3,6
6,58116,1996,4,6
6,58116,2000,4,6
6,58116,2004,3,6
6,58116,2008,4,6
6,58116,2012,3,6
6,59003,1992,4,6
6,59003,1996,3,6
6,59003,2000,4,6
6,59003,2004,4,6
6,59003,2008,4,6
6,59003,2012,5,6
6,59010,1992,4,6
6,59010,1996,4,6
6,59010,2000,4,6
6,59010,2004,4,6
6,59010,2008,3,6
6,59010,2012,4,6
6,59020,1992,3,6
6,59020,1996,4,6
6,59020,2000,4,6
6,59020,2004,4,6
6,59020,2008,4,6
6,59020,2012,5,6
6,59021,1992,4,6
6,59021,1996,4,6
6,59021,2000,4,6
6,59021,2004,4,6
6,59021,2008,4,6
6,59021,2012,5,6
6,60003,1992,4,6
6,60003,1996,4,6
6,60003,2000,3,6
6,60003,2004,4,6
6,60003,2008,4,6
6,60003,2012,5,6
6,60004,1992,4,6
6,60004,1996,3,6
6,60004,2000,4,6
6,60004,2004,4,6
6,60004,2008,4,6
6,60004,2012,5,6
6,60006,1992,4,6
6,60006,1996,4,6
6,60006,2000,3,6
6,60006,2004,3,6
6,60006,2008,4,6
6,60006,2012,4,6
6,60009,1992,3,6
6,60009,1996,3,6
6,60009,2000,4,6
6,60009,2004,4,6
6,60009,2008,4,6
6,60009,2012,5,6
6,60010,1992,3,6
6,60010,1996,4,6
6,60010,2000,4,6
6,60010,2004,4,6
6,60010,2008,4,6
6,60010,2012,5,6
6,60013,1992,4,6
6,60013,1996,4,6
6,60013,2000,4,6
6,60013,2004,4,6
6,60013,2008,4,6
6,60013,2012,4,6
6,60017,1992,4,6
6,60017,1996,4,6
6,60017,2000,4,6
6,60017,2004,4,6
6,60017,2008,4,6
6,60017,2012,5,6
6,60018,1992,3,6
6,60018,1996,4,6
6,60018,2000,4,6
6,60018,2004,4,6
6,60018,2008,4,6
6,60018,2012,4,6
6,60019,1992,3,6
6,60019,1996,4,6
6,60019,2000,4,6
6,60019,2004,4,6
6,60019,2008,4,6
6,60019,2012,5,6
6,60020,1992,4,6
6,60020,1996,4,6
6,60020,2000,4,6
6,60020,2004,4,6
6,60020,2008,4,6
6,60020,2012,5,6
6,60022,1992,4,6
6,60022,1996,4,6
6,60022,2000,4,6
6,60022,2004,4,6
6,60022,2008,4,6
6,60022,2012,5,6
6,60023,1992,4,6
6,60023,1996,4,6
6,60023,2000,4,6
6,60023,2004,4,6
6,60023,2008,4,6
6,60023,2012,5,6
6,60024,1992,4,6
6,60024,1996,4,6
6,60024,2000,4,6
6,60024,2004,4,6
6,60024,2008,4,6
6,60024,2012,5,6
6,60025,1992,4,6
6,60025,1996,4,6
6,60025,2000,4,6
6,60025,2004,3,6
6,60025,2008,3,6
6,60025,2012,5,6
6,60027,1992,4,6
6,60027,1996,4,6
6,60027,2000,4,6
6,60027,2004,4,6
6,60027,2008,4,6
6,60027,2012,5,6
6,60028,1992,4,6
6,60028,1996,3,6
6,60028,2000,4,6
6,60028,2004,4,6
6,60028,2008,4,6
6,60028,2012,5,6
6,60029,1992,4,6
6,60029,1996,4,6
6,60029,2000,4,6
6,60029,2004,4,6
6,60029,2008,4,6
6,60029,2012,5,6
6,60031,1992,4,6
6,60031,1996,4,6
6,60031,2000,4,6
6,60031,2004,4,6
6,60031,2008,4,6
6,60031,2012,5,6
6,60069,1992,3,6
6,60069,1996,4,6
6,60069,2000,4,6
6,60069,2004,4,6
6,60069,2008,4,6
6,60069,2012,5,6
6,60070,1992,4,6
6,60070,1996,3,6
6,60070,2000,4,6
6,60070,2004,4,6
6,60070,2008,4,6
6,60070,2012,5,6
6,60071,1992,4,6
6,60071,1996,4,6
6,60071,2000,4,6
6,60071,2004,4,6
6,60071,2008,4,6
6,60071,2012,5,6
6,60074,1992,3,6
6,60074,1996,3,6
6,60074,2000,4,6
6,60074,2004,4,6
6,60074,2008,3,6
6,60074,2012,5,6
6,60075,1992,4,6
6,60075,1996,4,6
6,60075,2000,4,6
6,60075,2004,4,6
6,60075,2008,3,6
6,60075,2012,4,6
6,60076,1992,3,6
6,60076,1996,4,6
6,60076,2000,4,6
6,60076,2004,4,6
6,60076,2008,4,6
6,60076,2012,4,6
6,60079,1992,3,6
6,60079,1996,3,6
6,60079,2000,4,6
6,60079,2004,4,6
6,60079,2008,4,6
6,60079,2012,5,6
6,60081,1992,4,6
6,60081,1996,4,6
6,60081,2000,4,6
6,60081,2004,4,6
6,60081,2008,4,6
6,60081,2012,5,6
6,60082,1992,4,6
6,60082,1996,4,6
6,60082,2000,4,6
6,60082,2004,4,6
6,60082,2008,4,6
6,60082,2012,5,6
6,60111,1992,4,6
6,60111,1996,4,6
6,60111,2000,4,6
6,60111,2004,4,6
6,60111,2008,4,6
6,60111,2012,5,6
6,60112,1992,4,6
6,60112,1996,4,6
6,60112,2000,4,6
6,60112,2004,4,6
6,60112,2008,4,6
6,60112,2012,4,6
6,60114,1992,3,6
6,60114,1996,4,6
6,60114,2000,3,6
6,60114,2004,4,6
6,60114,2008,4,6
6,60114,2012,5,6
6,60126,1992,4,6
6,60126,1996,3,6
6,60126,2000,3,6
6,60126,2004,4,6
6,60126,2008,4,6
6,60126,2012,5,6
6,60130,1992,4,6
6,60130,1996,3,6
6,60130,2000,3,6
6,60130,2004,4,6
6,60130,2008,4,6
6,60130,2012,4,6
6,61030,1992,4,6
6,61030,1996,4,6
6,61030,2000,4,6
6,61030,2004,4,6
6,61030,2008,4,6
6,61030,2012,4,6
6,61034,1992,4,6
6,61034,1996,4,6
6,61034,2000,4,6
6,61034,2004,4,6
6,61034,2008,4,6
6,61034,2012,4,6
6,61038,1992,4,6
6,61038,1996,4,6
6,61038,2000,4,6
6,61038,2004,4,6
6,61038,2008,4,6
6,61038,2012,4,6
6,61045,1992,4,6
6,61045,1996,4,6
6,61045,2000,4,6
6,61045,2004,4,6
6,61045,2008,4,6
6,61045,2012,4,6
6,61047,1992,4,6
6,61047,1996,4,6
6,61047,2000,4,6
6,61047,2004,4,6
6,61047,2008,4,6
6,61047,2012,5,6
6,61052,1992,4,6
6,61052,1996,4,6
6,61052,2000,4,6
6,61052,2004,3,6
6,61052,2008,4,6
6,61052,2012,5,6
6,61053,1992,4,6
6,61053,1996,4,6
6,61053,2000,4,6
6,61053,2004,3,6
6,61053,2008,4,6
6,61053,2012,5,6
6,61056,1992,4,6
6,61056,1996,4,6
6,61056,2000,4,6
6,61056,2004,4,6
6,61056,2008,4,6
6,61056,2012,5,6
6,61057,1992,4,6
6,61057,1996,4,6
6,61057,2000,4,6
6,61057,2004,4,6
6,61057,2008,4,6
6,61057,2012,5,6
6,61058,1992,4,6
6,61058,1996,4,6
6,61058,2000,4,6
6,61058,2004,3,6
6,61058,2008,4,6
6,61058,2012,5,6
6,61059,1992,4,6
6,61059,1996,4,6
6,61059,2000,4,6
6,61059,2004,4,6
6,61059,2008,4,6
6,61059,2012,4,6
6,61064,1992,3,6
6,61064,1996,4,6
6,61064,2000,4,6
6,61064,2004,4,6
6,61064,2008,4,6
6,61064,2012,5,6
6,61065,1992,4,6
6,61065,1996,4,6
6,61065,2000,4,6
6,61065,2004,4,6
6,61065,2008,4,6
6,61065,2012,5,6
6,61069,1992,4,6
6,61069,1996,3,6
6,61069,2000,4,6
6,61069,2004,3,6
6,61069,2008,3,6
6,61069,2012,3,6
6,61073,1992,4,6
6,61073,1996,4,6
6,61073,2000,4,6
6,61073,2004,3,6
6,61073,2008,3,6
6,61073,2012,4,6
6,61075,1992,4,6
6,61075,1996,4,6
6,61075,2000,4,6
6,61075,2004,4,6
6,61075,2008,3,6
6,61075,2012,4,6
6,61089,1992,4,6
6,61089,1996,4,6
6,61089,2000,4,6
6,61089,2004,4,6
6,61089,2008,4,6
6,61089,2012,5,6
6,61093,1992,3,6
6,61093,1996,3,6
6,61093,2000,4,6
6,61093,2004,4,6
6,61093,2008,4,6
6,61093,2012,4,6
6,61100,1992,4,6
6,61100,1996,4,6
6,61100,2000,4,6
6,61100,2004,4,6
6,61100,2008,4,6
6,61100,2012,4,6
6,61111,1992,4,6
6,61111,1996,4,6
6,61111,2000,4,6
6,61111,2004,4,6
6,61111,2008,4,6
6,61111,2012,5,6
6,61121,1992,4,6
6,61121,1996,4,6
6,61121,2000,4,6
6,61121,2004,4,6
6,61121,2008,4,6
6,61121,2012,5,6
6,61123,1992,4,6
6,61123,1996,3,6
6,61123,2000,4,6
6,61123,2004,4,6
6,61123,2008,4,6
6,61123,2012,3,6
6,61136,1992,3,6
6,61136,1996,4,6
6,61136,2000,3,6
6,61136,2004,4,6
6,61136,2008,4,6
6,61136,2012,4,6
6,61199,1992,3,6
6,61199,1996,4,6
6,61199,2000,4,6
6,61199,2004,4,6
6,61199,2008,4,6
6,61199,2012,3,6
6,63002,1992,4,6
6,63002,1996,4,6
6,63002,2000,4,6
6,63002,2004,4,6
6,63002,2008,4,6
6,63002,2012,5,6
6,63003,1992,4,6
6,63003,1996,4,6
6,63003,2000,4,6
6,63003,2004,4,6
6,63003,2008,4,6
6,63003,2012,5,6
6,63004,1992,4,6
6,63004,1996,4,6
6,63004,2000,4,6
6,63004,2004,4,6
6,63004,2008,4,6
6,63004,2012,5,6
6,63005,1992,4,6
6,63005,1996,4,6
6,63005,2000,4,6
6,63005,2004,4,6
6,63005,2008,4,6
6,63005,2012,3,6
6,63010,1992,4,6
6,63010,1996,4,6
6,63010,2000,4,6
6,63010,2004,4,6
6,63010,2008,4,6
6,63010,2012,5,6
6,63011,1992,4,6
6,63011,1996,4,6
6,63011,2000,4,6
6,63011,2004,4,6
6,63011,2008,4,6
6,63011,2012,5,6
6,63013,1992,4,6
6,63013,1996,3,6
6,63013,2000,4,6
6,63013,2004,3,6
6,63013,2008,4,6
6,63013,2012,3,6
6,63024,1992,4,6
6,63024,1996,4,6
6,63024,2000,4,6
6,63024,2004,4,6
6,63024,2008,4,6
6,63024,2012,5,6
6,63030,1992,4,6
6,63030,1996,4,6
6,63030,2000,4,6
6,63030,2004,4,6
6,63030,2008,3,6
6,63030,2012,4,6
6,63031,1992,3,6
6,63031,1996,4,6
6,63031,2000,4,6
6,63031,2004,3,6
6,63031,2008,3,6
6,63031,2012,5,6
6,63101,1992,4,6
6,63101,1996,4,6
6,63101,2000,4,6
6,63101,2004,4,6
6,63101,2008,4,6
6,63101,2012,5,6
6,63106,1992,4,6
6,63106,1996,3,6
6,63106,2000,3,6
6,63106,2004,3,6
6,63106,2008,4,6
6,63106,2012,3,6
6,63107,1992,4,6
6,63107,1996,4,6
6,63107,2000,3,6
6,63107,2004,4,6
6,63107,2008,3,6
6,63107,2012,5,6
6,63119,1992,4,6
6,63119,1996,4,6
6,63119,2000,4,6
6,63119,2004,4,6
6,63119,2008,4,6
6,63119,2012,4,6
6,63205,1992,4,6
6,63205,1996,4,6
6,63205,2000,4,6
6,63205,2004,4,6
6,63205,2008,4,6
6,63205,2012,5,6
6,63224,1992,4,6
6,63224,1996,4,6
6,63224,2000,4,6
6,63224,2004,4,6
6,63224,2008,3,6
6,63224,2012,5,6
6,63225,1992,4,6
6,63225,1996,4,6
6,63225,2000,4,6
6,63225,2004,4,6
6,63225,2008,3,6
6,63225,2012,5,6
6,64001,1992,4,6
6,64001,1996,4,6
6,64001,2000,4,6
6,64001,2004,4,6
6,64001,2008,4,6
6,64001,2012,5,6
6,64007,1992,4,6
6,64007,1996,4,6
6,64007,2000,4,6
6,64007,2004,3,6
6,64007,2008,4,6
6,64007,2012,5,6
6,64009,1992,4,6
6,64009,1996,4,6
6,64009,2000,4,6
6,64009,2004,4,6
6,64009,2008,4,6
6,64009,2012,4,6
6,64011,1992,4,6
6,64011,1996,4,6
6,64011,2000,3,6
6,64011,2004,4,6
6,64011,2008,4,6
6,64011,2012,4,6
6,64028,1992,4,6
6,64028,1996,3,6
6,64028,2000,4,6
6,64028,2004,3,6
6,64028,2008,4,6
6,64028,2012,4,6
6,64032,1992,4,6
6,64032,1996,4,6
6,64032,2000,4,6
6,64032,2004,3,6
6,64032,2008,3,6
6,64032,2012,3,6
6,64038,1992,3,6
6,64038,1996,4,6
6,64038,2000,4,6
6,64038,2004,4,6
6,64038,2008,3,6
6,64038,2012,5,6
6,64039,1992,3,6
6,64039,1996,4,6
6,64039,2000,4,6
6,64039,2004,4,6
6,64039,2008,4,6
6,64039,2012,5,6
6,64041,1992,4,6
6,64041,1996,3,6
6,64041,2000,3,6
6,64041,2004,3,6
6,64041,2008,3,6
6,64041,2012,3,6
6,64042,1992,4,6
6,64042,1996,4,6
6,64042,2000,4,6
6,64042,2004,4,6
6,64042,2008,4,6
6,64042,2012,4,6
6,64044,1992,3,6
6,64044,1996,4,6
6,64044,2000,4,6
6,64044,2004,4,6
6,64044,2008,4,6
6,64044,2012,4,6
6,64103,1992,3,6
6,64103,1996,4,6
6,64103,2000,4,6
6,64103,2004,4,6
6,64103,2008,4,6
6,64103,2012,5,6
6,66003,1992,3,6
6,66003,1996,3,6
6,66003,2000,4,6
6,66003,2004,4,6
6,66003,2008,4,6
6,66003,2012,5,6
6,66005,1992,4,6
6,66005,1996,4,6
6,66005,2000,4,6
6,66005,2004,4,6
6,66005,2008,4,6
6,66005,2012,5,6
6,66011,1992,3,6
6,66011,1996,3,6
6,66011,2000,3,6
6,66011,2004,4,6
6,66011,2008,4,6
6,66011,2012,4,6
6,66015,1992,4,6
6,66015,1996,3,6
6,66015,2000,4,6
6,66015,2004,4,6
6,66015,2008,4,6
6,66015,2012,5,6
6,66021,1992,4,6
6,66021,1996,4,6
6,66021,2000,4,6
6,66021,2004,4,6
6,66021,2008,4,6
6,66021,2012,5,6
6,66025,1992,4,6
6,66025,1996,4,6
6,66025,2000,3,6
6,66025,2004,3,6
6,66025,2008,4,6
6,66025,2012,5,6
6,66039,1992,4,6
6,66039,1996,4,6
6,66039,2000,4,6
6,66039,2004,3,6
6,66039,2008,4,6
6,66039,2012,5,6
6,66042,1992,4,6
6,66042,1996,4,6
6,66042,2000,4,6
6,66042,2004,4,6
6,66042,2008,4,6
6,66042,2012,5,6
6,66049,1992,4,6
6,66049,1996,4,6
6,66049,2000,3,6
6,66049,2004,4,6
6,66049,2008,4,6
6,66049,2012,5,6
6,66064,1992,4,6
6,66064,1996,4,6
6,66064,2000,4,6
6,66064,2004,4,6
6,66064,2008,4,6
6,66064,2012,5,6
6,66067,1992,3,6
6,66067,1996,3,6
6,66067,2000,4,6
6,66067,2004,4,6
6,66067,2008,4,6
6,66067,2012,5,6
6,66073,1992,4,6
6,66073,1996,4,6
6,66073,2000,4,6
6,66073,2004,4,6
6,66073,2008,4,6
6,66073,2012,3,6
6,66074,1992,4,6
6,66074,1996,4,6
6,66074,2000,3,6
6,66074,2004,4,6
6,66074,2008,4,6
6,66074,2012,5,6
6,66075,1992,4,6
6,66075,1996,4,6
6,66075,2000,4,6
6,66075,2004,4,6
6,66075,2008,4,6
6,66075,2012,5,6
6,66076,1992,4,6
6,66076,1996,4,6
6,66076,2000,4,6
6,66076,2004,4,6
6,66076,2008,4,6
6,66076,2012,3,6
6,66085,1992,4,6
6,66085,1996,4,6
6,66085,2000,4,6
6,66085,2004,4,6
6,66085,2008,3,6
6,66085,2012,5,6
6,66086,1992,4,6
6,66086,1996,4,6
6,66086,2000,4,6
6,66086,2004,3,6
6,66086,2008,4,6
6,66086,2012,5,6
6,66107,1992,4,6
6,66107,1996,4,6
6,66107,2000,4,6
6,66107,2004,4,6
6,66107,2008,4,6
6,66107,2012,5,6
6,66168,1992,4,6
6,66168,1996,3,6
6,66168,2000,4,6
6,66168,2004,4,6
6,66168,2008,4,6
6,66168,2012,5,6
6,67011,1992,4,6
6,67011,1996,4,6
6,67011,2000,4,6
6,67011,2004,4,6
6,67011,2008,4,6
6,67011,2012,5,6
6,67014,1992,4,6
6,67014,1996,4,6
6,67014,2000,4,6
6,67014,2004,4,6
6,67014,2008,4,6
6,67014,2012,3,6
6,67015,1992,4,6
6,67015,1996,4,6
6,67015,2000,4,6
6,67015,2004,4,6
6,67015,2008,4,6
6,67015,2012,5,6
6,67017,1992,4,6
6,67017,1996,4,6
6,67017,2000,4,6
6,67017,2004,4,6
6,67017,2008,4,6
6,67017,2012,4,6
6,67022,1992,4,6
6,67022,1996,4,6
6,67022,2000,4,6
6,67022,2004,4,6
6,67022,2008,4,6
6,67022,2012,5,6
6,67023,1992,4,6
6,67023,1996,4,6
6,67023,2000,4,6
6,67023,2004,4,6
6,67023,2008,4,6
6,67023,2012,5,6
6,67034,1992,4,6
6,67034,1996,4,6
6,67034,2000,4,6
6,67034,2004,4,6
6,67034,2008,4,6
6,67034,2012,5,6
6,67050,1992,4,6
6,67050,1996,4,6
6,67050,2000,4,6
6,67050,2004,4,6
6,67050,2008,4,6
6,67050,2012,5,6
6,67051,1992,3,6
6,67051,1996,3,6
6,67051,2000,4,6
6,67051,2004,4,6
6,67051,2008,4,6
6,67051,2012,5,6
6,67054,1992,3,6
6,67054,1996,3,6
6,67054,2000,3,6
6,67054,2004,3,6
6,67054,2008,3,6
6,67054,2012,4,6
6,67059,1992,4,6
6,67059,1996,3,6
6,67059,2000,4,6
6,67059,2004,4,6
6,67059,2008,3,6
6,67059,2012,3,6
6,67062,1992,3,6
6,67062,1996,3,6
6,67062,2000,4,6
6,67062,2004,3,6
6,67062,2008,4,6
6,67062,2012,3,6
6,67065,1992,4,6
6,67065,1996,4,6
6,67065,2000,3,6
6,67065,2004,4,6
6,67065,2008,4,6
6,67065,2012,5,6
6,67070,1992,4,6
6,67070,1996,3,6
6,67070,2000,4,6
6,67070,2004,4,6
6,67070,2008,4,6
6,67070,2012,5,6
6,67071,1992,4,6
6,67071,1996,4,6
6,67071,2000,3,6
6,67071,2004,3,6
6,67071,2008,4,6
6,67071,2012,5,6
6,67125,1992,4,6
6,67125,1996,4,6
6,67125,2000,4,6
6,67125,2004,3,6
6,67125,2008,4,6
6,67125,2012,5,6
6,69008,1992,3,6
6,69008,1996,4,6
6,69008,2000,4,6
6,69008,2004,3,6
6,69008,2008,3,6
6,69008,2012,5,6
6,69009,1992,4,6
6,69009,1996,3,6
6,69009,2000,3,6
6,69009,2004,4,6
6,69009,2008,4,6
6,69009,2012,5,6
6,69019,1992,3,6
6,69019,1996,4,6
6,69019,2000,4,6
6,69019,2004,4,6
6,69019,2008,4,6
6,69019,2012,5,6
6,69021,1992,4,6
6,69021,1996,4,6
6,69021,2000,4,6
6,69021,2004,4,6
6,69021,2008,4,6
6,69021,2012,5,6
6,69022,1992,3,6
6,69022,1996,4,6
6,69022,2000,4,6
6,69022,2004,4,6
6,69022,2008,4,6
6,69022,2012,5,6
6,69026,1992,4,6
6,69026,1996,4,6
6,69026,2000,4,6
6,69026,2004,4,6
6,69026,2008,4,6
6,69026,2012,5,6
6,69029,1992,3,6
6,69029,1996,4,6
6,69029,2000,4,6
6,69029,2004,4,6
6,69029,2008,3,6
6,69029,2012,5,6
6,69033,1992,3,6
6,69033,1996,4,6
6,69033,2000,4,6
6,69033,2004,4,6
6,69033,2008,4,6
6,69033,2012,3,6
6,69035,1992,4,6
6,69035,1996,3,6
6,69035,2000,4,6
6,69035,2004,4,6
6,69035,2008,3,6
6,69035,2012,5,6
6,69041,1992,4,6
6,69041,1996,4,6
6,69041,2000,4,6
6,69041,2004,3,6
6,69041,2008,4,6
6,69041,2012,4,6
6,69048,1992,4,6
6,69048,1996,4,6
6,69048,2000,4,6
6,69048,2004,3,6
6,69048,2008,4,6
6,69048,2012,4,6
6,69127,1992,3,6
6,69127,1996,3,6
6,69127,2000,4,6
6,69127,2004,4,6
6,69127,2008,4,6
6,69127,2012,5,6
6,69136,1992,4,6
6,69136,1996,4,6
6,69136,2000,3,6
6,69136,2004,3,6
6,69136,2008,4,6
6,69136,2012,5,6
6,69142,1992,3,6
6,69142,1996,4,6
6,69142,2000,4,6
6,69142,2004,4,6
6,69142,2008,4,6
6,69142,2012,5,6
6,69203,1992,4,6
6,69203,1996,4,6
6,69203,2000,4,6
6,69203,2004,4,6
6,69203,2008,4,6
6,69203,2012,5,6
6,69212,1992,3,6
6,69212,1996,4,6
6,69212,2000,4,6
6,69212,2004,3,6
6,69212,2008,4,6
6,69212,2012,4,6
6,69226,1992,3,6
6,69226,1996,4,6
6,69226,2000,4,6
6,69226,2004,4,6
6,69226,2008,4,6
6,69226,2012,3,6
6,69229,1992,3,6
6,69229,1996,4,6
6,69229,2000,4,6
6,69229,2004,3,6
6,69229,2008,4,6
6,69229,2012,5,6
6,69237,1992,3,6
6,69237,1996,4,6
6,69237,2000,4,6
6,69237,2004,4,6
6,69237,2008,4,6
6,69237,2012,5,6
6,69243,1992,3,6
6,69243,1996,4,6
6,69243,2000,4,6
6,69243,2004,4,6
6,69243,2008,4,6
6,69243,2012,5,6
6,69251,1992,3,6
6,69251,1996,4,6
6,69251,2000,4,6
6,69251,2004,4,6
6,69251,2008,4,6
6,69251,2012,5,6
6,69252,1992,3,6
6,69252,1996,4,6
6,69252,2000,3,6
6,69252,2004,4,6
6,69252,2008,4,6
6,69252,2012,5,6
6,72002,1992,3,6
6,72002,1996,4,6
6,72002,2000,4,6
6,72002,2004,4,6
6,72002,2008,4,6
6,72002,2012,5,6
6,72004,1992,3,6
6,72004,1996,4,6
6,72004,2000,4,6
6,72004,2004,4,6
6,72004,2008,4,6
6,72004,2012,5,6
6,72005,1992,4,6
6,72005,1996,4,6
6,72005,2000,3,6
6,72005,2004,3,6
6,72005,2008,4,6
6,72005,2012,5,6
6,72006,1992,4,6
6,72006,1996,4,6
6,72006,2000,4,6
6,72006,2004,4,6
6,72006,2008,4,6
6,72006,2012,5,6
6,72008,1992,4,6
6,72008,1996,4,6
6,72008,2000,4,6
6,72008,2004,3,6
6,72008,2008,4,6
6,72008,2012,5,6
6,72010,1992,4,6
6,72010,1996,4,6
6,72010,2000,4,6
6,72010,2004,4,6
6,72010,2008,4,6
6,72010,2012,5,6
6,72016,1992,4,6
6,72016,1996,4,6
6,72016,2000,4,6
6,72016,2004,4,6
6,72016,2008,4,6
6,72016,2012,5,6
6,72021,1992,4,6
6,72021,1996,4,6
6,72021,2000,3,6
6,72021,2004,4,6
6,72021,2008,4,6
6,72021,2012,5,6
6,72022,1992,4,6
6,72022,1996,4,6
6,72022,2000,4,6
6,72022,2004,4,6
6,72022,2008,4,6
6,72022,2012,4,6
6,72023,1992,4,6
6,72023,1996,3,6
6,72023,2000,3,6
6,72023,2004,4,6
6,72023,2008,4,6
6,72023,2012,5,6
6,72029,1992,4,6
6,72029,1996,4,6
6,72029,2000,4,6
6,72029,2004,4,6
6,72029,2008,4,6
6,72029,2012,5,6
6,72030,1992,3,6
6,72030,1996,3,6
6,72030,2000,4,6
6,72030,2004,3,6
6,72030,2008,4,6
6,72030,2012,5,6
6,72031,1992,4,6
6,72031,1996,4,6
6,72031,2000,4,6
6,72031,2004,4,6
6,72031,2008,4,6
6,72031,2012,4,6
6,72033,1992,4,6
6,72033,1996,4,6
6,72033,2000,4,6
6,72033,2004,4,6
6,72033,2008,4,6
6,72033,2012,5,6
6,72034,1992,4,6
6,72034,1996,4,6
6,72034,2000,4,6
6,72034,2004,3,6
6,72034,2008,4,6
6,72034,2012,5,6
6,72035,1992,4,6
6,72035,1996,4,6
6,72035,2000,4,6
6,72035,2004,4,6
6,72035,2008,4,6
6,72035,2012,5,6
6,72036,1992,4,6
6,72036,1996,3,6
6,72036,2000,4,6
6,72036,2004,4,6
6,72036,2008,4,6
6,72036,2012,5,6
6,72038,1992,4,6
6,72038,1996,4,6
6,72038,2000,4,6
6,72038,2004,3,6
6,72038,2008,3,6
6,72038,2012,4,6
6,72047,1992,4,6
6,72047,1996,4,6
6,72047,2000,4,6
6,72047,2004,4,6
6,72047,2008,4,6
6,72047,2012,5,6
6,72049,1992,4,6
6,72049,1996,4,6
6,72049,2000,4,6
6,72049,2004,4,6
6,72049,2008,4,6
6,72049,2012,5,6
6,72050,1992,4,6
6,72050,1996,4,6
6,72050,2000,4,6
6,72050,2004,4,6
6,72050,2008,4,6
6,72050,2012,5,6
6,72054,1992,4,6
6,72054,1996,4,6
6,72054,2000,4,6
6,72054,2004,4,6
6,72054,2008,4,6
6,72054,2012,5,6
6,72056,1992,4,6
6,72056,1996,4,6
6,72056,2000,4,6
6,72056,2004,4,6
6,72056,2008,4,6
6,72056,2012,5,6
6,72060,1992,4,6
6,72060,1996,4,6
6,72060,2000,4,6
6,72060,2004,4,6
6,72060,2008,4,6
6,72060,2012,5,6
6,72061,1992,4,6
6,72061,1996,4,6
6,72061,2000,4,6
6,72061,2004,4,6
6,72061,2008,4,6
6,72061,2012,5,6
6,72062,1992,4,6
6,72062,1996,4,6
6,72062,2000,4,6
6,72062,2004,4,6
6,72062,2008,4,6
6,72062,2012,5,6
6,72063,1992,4,6
6,72063,1996,3,6
6,72063,2000,4,6
6,72063,2004,4,6
6,72063,2008,3,6
6,72063,2012,5,6
6,72064,1992,4,6
6,72064,1996,4,6
6,72064,2000,4,6
6,72064,2004,4,6
6,72064,2008,4,6
6,72064,2012,5,6
6,72071,1992,4,6
6,72071,1996,4,6
6,72071,2000,3,6
6,72071,2004,4,6
6,72071,2008,4,6
6,72071,2012,5,6
6,72072,1992,3,6
6,72072,1996,4,6
6,72072,2000,4,6
6,72072,2004,4,6
6,72072,2008,4,6
6,72072,2012,5,6
6,72076,1992,4,6
6,72076,1996,3,6
6,72076,2000,4,6
6,72076,2004,4,6
6,72076,2008,4,6
6,72076,2012,4,6
6,72083,1992,4,6
6,72083,1996,4,6
6,72083,2000,4,6
6,72083,2004,4,6
6,72083,2008,4,6
6,72083,2012,5,6
6,72084,1992,4,6
6,72084,1996,4,6
6,72084,2000,4,6
6,72084,2004,4,6
6,72084,2008,4,6
6,72084,2012,5,6
6,72086,1992,4,6
6,72086,1996,4,6
6,72086,2000,4,6
6,72086,2004,4,6
6,72086,2008,4,6
6,72086,2012,5,6
6,72088,1992,3,6
6,72088,1996,4,6
6,72088,2000,4,6
6,72088,2004,4,6
6,72088,2008,4,6
6,72088,2012,3,6
6,72090,1992,4,6
6,72090,1996,4,6
6,72090,2000,4,6
6,72090,2004,4,6
6,72090,2008,4,6
6,72090,2012,5,6
6,72091,1992,4,6
6,72091,1996,4,6
6,72091,2000,4,6
6,72091,2004,4,6
6,72091,2008,4,6
6,72091,2012,5,6
6,72126,1992,3,6
6,72126,1996,4,6
6,72126,2000,4,6
6,72126,2004,4,6
6,72126,2008,4,6
6,72126,2012,5,6
6,72127,1992,4,6
6,72127,1996,3,6
6,72127,2000,4,6
6,72127,2004,3,6
6,72127,2008,3,6
6,72127,2012,5,6
6,72132,1992,4,6
6,72132,1996,4,6
6,72132,2000,4,6
6,72132,2004,4,6
6,72132,2008,4,6
6,72132,2012,5,6
6,72155,1992,4,6
6,72155,1996,4,6
6,72155,2000,4,6
6,72155,2004,4,6
6,72155,2008,4,6
6,72155,2012,5,6
6,72165,1992,4,6
6,72165,1996,4,6
6,72165,2000,4,6
6,72165,2004,4,6
6,72165,2008,4,6
6,72165,2012,5,6
6,72182,1992,4,6
6,72182,1996,4,6
6,72182,2000,3,6
6,72182,2004,4,6
6,72182,2008,4,6
6,72182,2012,5,6
6,72192,1992,4,6
6,72192,1996,4,6
6,72192,2000,4,6
6,72192,2004,3,6
6,72192,2008,4,6
6,72192,2012,5,6
6,72193,1992,4,6
6,72193,1996,3,6
6,72193,2000,4,6
6,72193,2004,4,6
6,72193,2008,4,6
6,72193,2012,5,6
6,72194,1992,4,6
6,72194,1996,4,6
6,72194,2000,4,6
6,72194,2004,4,6
6,72194,2008,4,6
6,72194,2012,5,6
6,72195,1992,4,6
6,72195,1996,4,6
6,72195,2000,4,6
6,72195,2004,4,6
6,72195,2008,4,6
6,72195,2012,5,6
6,80002,1992,4,6
6,80002,1996,4,6
6,80002,2000,4,6
6,80002,2004,3,6
6,80002,2008,4,6
6,80002,2012,4,6
6,80003,1992,4,6
6,80003,1996,4,6
6,80003,2000,4,6
6,80003,2004,4,6
6,80003,2008,4,6
6,80003,2012,5,6
6,80010,1992,3,6
6,80010,1996,4,6
6,80010,2000,3,6
6,80010,2004,3,6
6,80010,2008,4,6
6,80010,2012,3,6
6,80018,1992,3,6
6,80018,1996,4,6
6,80018,2000,4,6
6,80018,2004,3,6
6,80018,2008,4,6
6,80018,2012,5,6
6,80021,1992,4,6
6,80021,1996,3,6
6,80021,2000,4,6
6,80021,2004,4,6
6,80021,2008,4,6
6,80021,2012,5,6
6,81003,1992,4,6
6,81003,1996,4,6
6,81003,2000,4,6
6,81003,2004,4,6
6,81003,2008,4,6
6,81003,2012,5,6
6,81010,1992,4,6
6,81010,1996,4,6
6,81010,2000,4,6
6,81010,2004,4,6
6,81010,2008,4,6
6,81010,2012,5,6
6,81029,1992,4,6
6,81029,1996,4,6
6,81029,2000,4,6
6,81029,2004,4,6
6,81029,2008,4,6
6,81029,2012,5,6
6,81041,1992,4,6
6,81041,1996,4,6
6,81041,2000,4,6
6,81041,2004,4,6
6,81041,2008,4,6
6,81041,2012,5,6
6,82001,1992,4,6
6,82001,1996,4,6
6,82001,2000,4,6
6,82001,2004,3,6
6,82001,2008,4,6
6,82001,2012,5,6
6,82003,1992,4,6
6,82003,1996,3,6
6,82003,2000,4,6
6,82003,2004,3,6
6,82003,2008,4,6
6,82003,2012,4,6
6,82004,1992,4,6
6,82004,1996,4,6
6,82004,2000,3,6
6,82004,2004,3,6
6,82004,2008,3,6
6,82004,2012,5,6
6,82006,1992,4,6
6,82006,1996,4,6
6,82006,2000,4,6
6,82006,2004,4,6
6,82006,2008,4,6
6,82006,2012,5,6
6,82009,1992,4,6
6,82009,1996,4,6
6,82009,2000,4,6
6,82009,2004,3,6
6,82009,2008,4,6
6,82009,2012,5,6
6,82010,1992,4,6
6,82010,1996,4,6
6,82010,2000,4,6
6,82010,2004,4,6
6,82010,2008,4,6
6,82010,2012,5,6
6,82013,1992,3,6
6,82013,1996,4,6
6,82013,2000,3,6
6,82013,2004,4,6
6,82013,2008,4,6
6,82013,2012,5,6
6,82016,1992,4,6
6,82016,1996,4,6
6,82016,2000,4,6
6,82016,2004,4,6
6,82016,2008,4,6
6,82016,2012,5,6
6,82018,1992,4,6
6,82018,1996,4,6
6,82018,2000,4,6
6,82018,2004,4,6
6,82018,2008,4,6
6,82018,2012,3,6
6,82020,1992,4,6
6,82020,1996,4,6
6,82020,2000,4,6
6,82020,2004,4,6
6,82020,2008,4,6
6,82020,2012,5,6
6,82022,1992,4,6
6,82022,1996,4,6
6,82022,2000,3,6
6,82022,2004,4,6
6,82022,2008,4,6
6,82022,2012,3,6
6,82023,1992,4,6
6,82023,1996,4,6
6,82023,2000,3,6
6,82023,2004,4,6
6,82023,2008,4,6
6,82023,2012,5,6
6,82025,1992,4,6
6,82025,1996,4,6
6,82025,2000,3,6
6,82025,2004,4,6
6,82025,2008,4,6
6,82025,2012,5,6
6,82026,1992,4,6
6,82026,1996,3,6
6,82026,2000,3,6
6,82026,2004,4,6
6,82026,2008,4,6
6,82026,2012,5,6
6,82034,1992,4,6
6,82034,1996,4,6
6,82034,2000,4,6
6,82034,2004,4,6
6,82034,2008,4,6
6,82034,2012,5,6
6,82041,1992,3,6
6,82041,1996,3,6
6,82041,2000,3,6
6,82041,2004,4,6
6,82041,2008,4,6
6,82041,2012,5,6
6,82042,1992,4,6
6,82042,1996,4,6
6,82042,2000,4,6
6,82042,2004,4,6
6,82042,2008,4,6
6,82042,2012,5,6
6,82128,1992,4,6
6,82128,1996,4,6
6,82128,2000,4,6
6,82128,2004,4,6
6,82128,2008,4,6
6,82128,2012,3,6
6,82130,1992,4,6
6,82130,1996,3,6
6,82130,2000,3,6
6,82130,2004,4,6
6,82130,2008,4,6
6,82130,2012,5,6
6,82139,1992,3,6
6,82139,1996,4,6
6,82139,2000,3,6
6,82139,2004,4,6
6,82139,2008,4,6
6,82139,2012,5,6
6,83001,1992,4,6
6,83001,1996,4,6
6,83001,2000,4,6
6,83001,2004,3,6
6,83001,2008,4,6
6,83001,2012,4,6
6,83011,1992,4,6
6,83011,1996,3,6
6,83011,2000,4,6
6,83011,2004,4,6
6,83011,2008,3,6
6,83011,2012,5,6
6,83013,1992,4,6
6,83013,1996,4,6
6,83013,2000,4,6
6,83013,2004,4,6
6,83013,2008,4,6
6,83013,2012,3,6
6,83015,1992,4,6
6,83015,1996,3,6
6,83015,2000,4,6
6,83015,2004,4,6
6,83015,2008,3,6
6,83015,2012,5,6
6,83017,1992,4,6
6,83017,1996,3,6
6,83017,2000,4,6
6,83017,2004,4,6
6,83017,2008,4,6
6,83017,2012,5,6
6,83029,1992,3,6
6,83029,1996,3,6
6,83029,2000,4,6
6,83029,2004,4,6
6,83029,2008,3,6
6,83029,2012,4,6
6,83033,1992,4,6
6,83033,1996,4,6
6,83033,2000,4,6
6,83033,2004,4,6
6,83033,2008,4,6
6,83033,2012,5,6
6,83034,1992,3,6
6,83034,1996,3,6
6,83034,2000,3,6
6,83034,2004,3,6
6,83034,2008,4,6
6,83034,2012,4,6
6,83042,1992,4,6
6,83042,1996,4,6
6,83042,2000,4,6
6,83042,2004,4,6
6,83042,2008,4,6
6,83042,2012,5,6
6,83043,1992,3,6
6,83043,1996,3,6
6,83043,2000,4,6
6,83043,2004,3,6
6,83043,2008,3,6
6,83043,2012,4,6
6,83044,1992,4,6
6,83044,1996,4,6
6,83044,2000,4,6
6,83044,2004,4,6
6,83044,2008,3,6
6,83044,2012,5,6
6,83045,1992,4,6
6,83045,1996,4,6
6,83045,2000,4,6
6,83045,2004,4,6
6,83045,2008,3,6
6,83045,2012,5,6
6,83060,1992,4,6
6,83060,1996,3,6
6,83060,2000,3,6
6,83060,2004,4,6
6,83060,2008,4,6
6,83060,2012,5,6
6,83064,1992,4,6
6,83064,1996,4,6
6,83064,2000,4,6
6,83064,2004,4,6
6,83064,2008,4,6
6,83064,2012,5,6
6,83065,1992,4,6
6,83065,1996,3,6
6,83065,2000,3,6
6,83065,2004,4,6
6,83065,2008,3,6
6,83065,2012,5,6
6,83082,1992,4,6
6,83082,1996,4,6
6,83082,2000,4,6
6,83082,2004,4,6
6,83082,2008,4,6
6,83082,2012,5,6
6,83092,1992,4,6
6,83092,1996,3,6
6,83092,2000,3,6
6,83092,2004,4,6
6,83092,2008,4,6
6,83092,2012,5,6
6,83094,1992,3,6
6,83094,1996,3,6
6,83094,2000,3,6
6,83094,2004,3,6
6,83094,2008,4,6
6,83094,2012,5,6
6,83097,1992,3,6
6,83097,1996,4,6
6,83097,2000,3,6
6,83097,2004,3,6
6,83097,2008,4,6
6,83097,2012,5,6
6,83140,1992,4,6
6,83140,1996,4,6
6,83140,2000,4,6
6,83140,2004,4,6
6,83140,2008,4,6
6,83140,2012,5,6
6,85004,1992,4,6
6,85004,1996,4,6
6,85004,2000,4,6
6,85004,2004,4,6
6,85004,2008,4,6
6,85004,2012,4,6
6,85008,1992,3,6
6,85008,1996,4,6
6,85008,2000,4,6
6,85008,2004,4,6
6,85008,2008,3,6
6,85008,2012,5,6
6,85010,1992,4,6
6,85010,1996,3,6
6,85010,2000,3,6
6,85010,2004,4,6
6,85010,2008,4,6
6,85010,2012,3,6
6,85011,1992,4,6
6,85011,1996,4,6
6,85011,2000,4,6
6,85011,2004,4,6
6,85011,2008,4,6
6,85011,2012,5,6
6,85012,1992,3,6
6,85012,1996,4,6
6,85012,2000,3,6
6,85012,2004,4,6
6,85012,2008,4,6
6,85012,2012,5,6
6,85015,1992,4,6
6,85015,1996,4,6
6,85015,2000,4,6
6,85015,2004,3,6
6,85015,2008,4,6
6,85015,2012,4,6
6,85019,1992,4,6
6,85019,1996,4,6
6,85019,2000,4,6
6,85019,2004,3,6
6,85019,2008,4,6
6,85019,2012,5,6
6,85020,1992,4,6
6,85020,1996,4,6
6,85020,2000,4,6
6,85020,2004,3,6
6,85020,2008,4,6
6,85020,2012,4,6
6,85021,1992,4,6
6,85021,1996,4,6
6,85021,2000,4,6
6,85021,2004,4,6
6,85021,2008,4,6
6,85021,2012,5,6
6,85022,1992,4,6
6,85022,1996,3,6
6,85022,2000,4,6
6,85022,2004,4,6
6,85022,2008,3,6
6,85022,2012,5,6
6,85108,1992,4,6
6,85108,1996,4,6
6,85108,2000,4,6
6,85108,2004,4,6
6,85108,2008,4,6
6,85108,2012,5,6
6,85109,1992,4,6
6,85109,1996,4,6
6,85109,2000,4,6
6,85109,2004,4,6
6,85109,2008,4,6
6,85109,2012,5,6
6,85119,1992,4,6
6,85119,1996,4,6
6,85119,2000,4,6
6,85119,2004,3,6
6,85119,2008,4,6
6,85119,2012,5,6
6,85121,1992,4,6
6,85121,1996,3,6
6,85121,2000,4,6
6,85121,2004,4,6
6,85121,2008,4,6
6,85121,2012,5,6
6,85123,1992,3,6
6,85123,1996,3,6
6,85123,2000,4,6
6,85123,2004,4,6
6,85123,2008,4,6
6,85123,2012,5,6
6,85153,1992,4,6
6,85153,1996,4,6
6,85153,2000,4,6
6,85153,2004,4,6
6,85153,2008,4,6
6,85153,2012,4,6
6,85155,1992,4,6
6,85155,1996,3,6
6,85155,2000,3,6
6,85155,2004,4,6
6,85155,2008,4,6
6,85155,2012,5,6
6,85161,1992,4,6
6,85161,1996,4,6
6,85161,2000,4,6
6,85161,2004,4,6
6,85161,2008,3,6
6,85161,2012,4,6
6,85169,1992,4,6
6,85169,1996,4,6
6,85169,2000,4,6
6,85169,2004,4,6
6,85169,2008,4,6
6,85169,2012,4,6
6,87005,1992,4,6
6,87005,1996,4,6
6,87005,2000,4,6
6,87005,2004,4,6
6,87005,2008,4,6
6,87005,2012,3,6
6,87006,1992,4,6
6,87006,1996,4,6
6,87006,2000,3,6
6,87006,2004,4,6
6,87006,2008,4,6
6,87006,2012,3,6
6,87009,1992,3,6
6,87009,1996,4,6
6,87009,2000,4,6
6,87009,2004,3,6
6,87009,2008,3,6
6,87009,2012,4,6
6,87010,1992,4,6
6,87010,1996,4,6
6,87010,2000,4,6
6,87010,2004,3,6
6,87010,2008,3,6
6,87010,2012,5,6
6,87014,1992,4,6
6,87014,1996,4,6
6,87014,2000,3,6
6,87014,2004,3,6
6,87014,2008,4,6
6,87014,2012,5,6
6,87015,1992,4,6
6,87015,1996,4,6
6,87015,2000,4,6
6,87015,2004,4,6
6,87015,2008,3,6
6,87015,2012,5,6
6,88004,1992,4,6
6,88004,1996,4,6
6,88004,2000,4,6
6,88004,2004,4,6
6,88004,2008,4,6
6,88004,2012,4,6
6,88005,1992,4,6
6,88005,1996,4,6
6,88005,2000,4,6
6,88005,2004,4,6
6,88005,2008,4,6
6,88005,2012,5,6
6,88007,1992,4,6
6,88007,1996,4,6
6,88007,2000,4,6
6,88007,2004,4,6
6,88007,2008,3,6
6,88007,2012,5,6
6,88014,1992,4,6
6,88014,1996,4,6
6,88014,2000,4,6
6,88014,2004,4,6
6,88014,2008,4,6
6,88014,2012,5,6
6,88021,1992,4,6
6,88021,1996,4,6
6,88021,2000,3,6
6,88021,2004,4,6
6,88021,2008,3,6
6,88021,2012,5,6
6,88023,1992,4,6
6,88023,1996,4,6
6,88023,2000,4,6
6,88023,2004,4,6
6,88023,2008,4,6
6,88023,2012,5,6
6,88028,1992,3,6
6,88028,1996,4,6
6,88028,2000,4,6
6,88028,2004,4,6
6,88028,2008,4,6
6,88028,2012,5,6
6,88029,1992,4,6
6,88029,1996,3,6
6,88029,2000,4,6
6,88029,2004,4,6
6,88029,2008,4,6
6,88029,2012,5,6
6,88030,1992,4,6
6,88030,1996,4,6
6,88030,2000,4,6
6,88030,2004,3,6
6,88030,2008,4,6
6,88030,2012,5,6
6,88037,1992,3,6
6,88037,1996,4,6
6,88037,2000,3,6
6,88037,2004,3,6
6,88037,2008,3,6
6,88037,2012,5,6
6,88040,1992,4,6
6,88040,1996,3,6
6,88040,2000,4,6
6,88040,2004,3,6
6,88040,2008,3,6
6,88040,2012,5,6
6,88041,1992,4,6
6,88041,1996,4,6
6,88041,2000,4,6
6,88041,2004,3,6
6,88041,2008,3,6
6,88041,2012,4,6
6,88043,1992,4,6
6,88043,1996,4,6
6,88043,2000,4,6
6,88043,2004,4,6
6,88043,2008,4,6
6,88043,2012,4,6
6,88044,1992,4,6
6,88044,1996,4,6
6,88044,2000,4,6
6,88044,2004,4,6
6,88044,2008,4,6
6,88044,2012,5,6
6,89001,1992,3,6
6,89001,1996,4,6
6,89001,2000,4,6
6,89001,2004,4,6
6,89001,2008,4,6
6,89001,2012,5,6
6,89002,1992,4,6
6,89002,1996,4,6
6,89002,2000,4,6
6,89002,2004,4,6
6,89002,2008,4,6
6,89002,2012,5,6
6,89003,1992,4,6
6,89003,1996,4,6
6,89003,2000,3,6
6,89003,2004,4,6
6,89003,2008,3,6
6,89003,2012,5,6
6,89004,1992,4,6
6,89004,1996,4,6
6,89004,2000,4,6
6,89004,2004,4,6
6,89004,2008,4,6
6,89004,2012,5,6
6,89005,1992,3,6
6,89005,1996,4,6
6,89005,2000,4,6
6,89005,2004,4,6
6,89005,2008,4,6
6,89005,2012,5,6
6,89009,1992,3,6
6,89009,1996,4,6
6,89009,2000,4,6
6,89009,2004,4,6
6,89009,2008,4,6
6,89009,2012,4,6
6,89023,1992,4,6
6,89023,1996,4,6
6,89023,2000,4,6
6,89023,2004,4,6
6,89023,2008,4,6
6,89023,2012,3,6
6,89027,1992,4,6
6,89027,1996,4,6
6,89027,2000,3,6
6,89027,2004,3,6
6,89027,2008,4,6
6,89027,2012,5,6
6,89029,1992,4,6
6,89029,1996,4,6
6,89029,2000,4,6
6,89029,2004,3,6
6,89029,2008,4,6
6,89029,2012,5,6
6,89043,1992,4,6
6,89043,1996,4,6
6,89043,2000,4,6
6,89043,2004,4,6
6,89043,2008,4,6
6,89043,2012,5,6
6,89044,1992,4,6
6,89044,1996,3,6
6,89044,2000,4,6
6,89044,2004,3,6
6,89044,2008,3,6
6,89044,2012,5,6
6,89066,1992,3,6
6,89066,1996,4,6
6,89066,2000,4,6
6,89066,2004,4,6
6,89066,2008,4,6
6,89066,2012,5,6
6,89075,1992,3,6
6,89075,1996,4,6
6,89075,2000,4,6
6,89075,2004,4,6
6,89075,2008,4,6
6,89075,2012,5,6
6,89079,1992,3,6
6,89079,1996,4,6
6,89079,2000,4,6
6,89079,2004,4,6
6,89079,2008,4,6
6,89079,2012,5,6
6,89111,1992,4,6
6,89111,1996,4,6
6,89111,2000,4,6
6,89111,2004,4,6
6,89111,2008,4,6
6,89111,2012,4,6
6,89145,1992,4,6
6,89145,1996,4,6
6,89145,2000,4,6
6,89145,2004,4,6
6,89145,2008,3,6
6,89145,2012,3,6
6,90001,1992,3,6
6,90001,1996,4,6
6,90001,2000,4,6
6,90001,2004,3,6
6,90001,2008,3,6
6,90001,2012,5,6
6,90016,1992,4,6
6,90016,1996,4,6
6,90016,2000,4,6
6,90016,2004,4,6
6,90016,2008,4,6
6,90016,2012,5,6
6,90019,1992,4,6
6,90019,1996,4,6
6,90019,2000,4,6
6,90019,2004,4,6
6,90019,2008,4,6
6,90019,2012,4,6
6,90024,1992,3,6
6,90024,1996,3,6
6,90024,2000,4,6
6,90024,2004,4,6
6,90024,2008,4,6
6,90024,2012,3,6
6,90026,1992,4,6
6,90026,1996,4,6
6,90026,2000,4,6
6,90026,2004,4,6
6,90026,2008,4,6
6,90026,2012,5,6
6,90027,1992,4,6
6,90027,1996,3,6
6,90027,2000,4,6
6,90027,2004,4,6
6,90027,2008,4,6
6,90027,2012,4,6
6,90030,1992,3,6
6,90030,1996,4,6
6,90030,2000,3,6
6,90030,2004,4,6
6,90030,2008,4,6
6,90030,2012,3,6
6,90036,1992,4,6
6,90036,1996,4,6
6,90036,2000,4,6
6,90036,2004,4,6
6,90036,2008,4,6
6,90036,2012,3,6
6,90037,1992,4,6
6,90037,1996,4,6
6,90037,2000,4,6
6,90037,2004,3,6
6,90037,2008,4,6
6,90037,2012,5,6
6,90038,1992,4,6
6,90038,1996,4,6
6,90038,2000,3,6
6,90038,2004,3,6
6,90038,2008,4,6
6,90038,2012,4,6
6,90041,1992,4,6
6,90041,1996,4,6
6,90041,2000,4,6
6,90041,2004,3,6
6,90041,2008,4,6
6,90041,2012,5,6
6,90044,1992,4,6
6,90044,1996,4,6
6,90044,2000,4,6
6,90044,2004,3,6
6,90044,2008,3,6
6,90044,2012,5,6
6,90046,1992,4,6
6,90046,1996,4,6
6,90046,2000,3,6
6,90046,2004,4,6
6,90046,2008,4,6
6,90046,2012,5,6
6,90048,1992,4,6
6,90048,1996,4,6
6,90048,2000,4,6
6,90048,2004,4,6
6,90048,2008,4,6
6,90048,2012,5,6
6,90053,1992,4,6
6,90053,1996,4,6
6,90053,2000,4,6
6,90053,2004,3,6
6,90053,2008,3,6
6,90053,2012,5,6
6,91003,1992,4,6
6,91003,1996,4,6
6,91003,2000,4,6
6,91003,2004,4,6
6,91003,2008,3,6
6,91003,2012,5,6
6,91004,1992,4,6
6,91004,1996,4,6
6,91004,2000,4,6
6,91004,2004,4,6
6,91004,2008,4,6
6,91004,2012,5,6
6,91005,1992,4,6
6,91005,1996,4,6
6,91005,2000,4,6
6,91005,2004,4,6
6,91005,2008,4,6
6,91005,2012,5,6
6,91008,1992,4,6
6,91008,1996,4,6
6,91008,2000,4,6
6,91008,2004,4,6
6,91008,2008,4,6
6,91008,2012,5,6
6,91009,1992,3,6
6,91009,1996,4,6
6,91009,2000,4,6
6,91009,2004,4,6
6,91009,2008,3,6
6,91009,2012,4,6
6,91010,1992,4,6
6,91010,1996,4,6
6,91010,2000,3,6
6,91010,2004,4,6
6,91010,2008,4,6
6,91010,2012,4,6
6,91011,1992,4,6
6,91011,1996,4,6
6,91011,2000,3,6
6,91011,2004,4,6
6,91011,2008,4,6
6,91011,2012,4,6
6,91012,1992,4,6
6,91012,1996,4,6
6,91012,2000,4,6
6,91012,2004,4,6
6,91012,2008,4,6
6,91012,2012,5,6
6,91013,1992,4,6
6,91013,1996,4,6
6,91013,2000,4,6
6,91013,2004,3,6
6,91013,2008,4,6
6,91013,2012,4,6
6,91016,1992,4,6
6,91016,1996,3,6
6,91016,2000,3,6
6,91016,2004,4,6
6,91016,2008,4,6
6,91016,2012,5,6
6,91017,1992,4,6
6,91017,1996,4,6
6,91017,2000,4,6
6,91017,2004,3,6
6,91017,2008,4,6
6,91017,2012,5,6
6,91019,1992,4,6
6,91019,1996,4,6
6,91019,2000,3,6
6,91019,2004,4,6
6,91019,2008,4,6
6,91019,2012,5,6
6,91022,1992,4,6
6,91022,1996,4,6
6,91022,2000,4,6
6,91022,2004,4,6
6,91022,2008,4,6
6,91022,2012,5,6
6,91023,1992,4,6
6,91023,1996,4,6
6,91023,2000,3,6
6,91023,2004,4,6
6,91023,2008,4,6
6,91023,2012,3,6
6,91024,1992,4,6
6,91024,1996,4,6
6,91024,2000,4,6
6,91024,2004,4,6
6,91024,2008,4,6
6,91024,2012,5,6
6,91027,1992,4,6
6,91027,1996,4,6
6,91027,2000,4,6
6,91027,2004,4,6
6,91027,2008,4,6
6,91027,2012,3,6
6,91028,1992,4,6
6,91028,1996,4,6
6,91028,2000,4,6
6,91028,2004,4,6
6,91028,2008,4,6
6,91028,2012,5,6
6,91029,1992,4,6
6,91029,1996,4,6
6,91029,2000,4,6
6,91029,2004,4,6
6,91029,2008,4,6
6,91029,2012,5,6
6,91031,1992,3,6
6,91031,1996,4,6
6,91031,2000,4,6
6,91031,2004,3,6
6,91031,2008,4,6
6,91031,2012,5,6
6,91035,1992,4,6
6,91035,1996,4,6
6,91035,2000,3,6
6,91035,2004,3,6
6,91035,2008,4,6
6,91035,2012,5,6
6,91036,1992,4,6
6,91036,1996,4,6
6,91036,2000,4,6
6,91036,2004,4,6
6,91036,2008,4,6
6,91036,2012,3,6
6,91039,1992,3,6
6,91039,1996,4,6
6,91039,2000,4,6
6,91039,2004,4,6
6,91039,2008,4,6
6,91039,2012,5,6
6,91042,1992,4,6
6,91042,1996,4,6
6,91042,2000,4,6
6,91042,2004,4,6
6,91042,2008,4,6
6,91042,2012,5,6
6,91043,1992,4,6
6,91043,1996,4,6
6,91043,2000,3,6
6,91043,2004,4,6
6,91043,2008,4,6
6,91043,2012,5,6
6,91044,1992,3,6
6,91044,1996,4,6
6,91044,2000,4,6
6,91044,2004,4,6
6,91044,2008,4,6
6,91044,2012,5,6
6,91045,1992,4,6
6,91045,1996,4,6
6,91045,2000,4,6
6,91045,2004,4,6
6,91045,2008,3,6
6,91045,2012,5,6
6,91047,1992,4,6
6,91047,1996,4,6
6,91047,2000,4,6
6,91047,2004,4,6
6,91047,2008,4,6
6,91047,2012,5,6
6,91048,1992,4,6
6,91048,1996,4,6
6,91048,2000,4,6
6,91048,2004,4,6
6,91048,2008,4,6
6,91048,2012,5,6
6,91049,1992,4,6
6,91049,1996,4,6
6,91049,2000,4,6
6,91049,2004,4,6
6,91049,2008,4,6
6,91049,2012,5,6
6,91050,1992,4,6
6,91050,1996,3,6
6,91050,2000,3,6
6,91050,2004,3,6
6,91050,2008,3,6
6,91050,2012,4,6
6,91054,1992,4,6
6,91054,1996,4,6
6,91054,2000,4,6
6,91054,2004,4,6
6,91054,2008,4,6
6,91054,2012,5,6
6,91055,1992,4,6
6,91055,1996,4,6
6,91055,2000,4,6
6,91055,2004,4,6
6,91055,2008,4,6
6,91055,2012,5,6
6,91056,1992,4,6
6,91056,1996,4,6
6,91056,2000,4,6
6,91056,2004,4,6
6,91056,2008,4,6
6,91056,2012,4,6
6,91062,1992,4,6
6,91062,1996,4,6
6,91062,2000,4,6
6,91062,2004,4,6
6,91062,2008,4,6
6,91062,2012,3,6
6,91063,1992,4,6
6,91063,1996,4,6
6,91063,2000,4,6
6,91063,2004,4,6
6,91063,2008,4,6
6,91063,2012,5,6
6,91069,1992,4,6
6,91069,1996,4,6
6,91069,2000,4,6
6,91069,2004,4,6
6,91069,2008,4,6
6,91069,2012,5,6
6,91070,1992,4,6
6,91070,1996,4,6
6,91070,2000,4,6
6,91070,2004,4,6
6,91070,2008,4,6
6,91070,2012,5,6
6,91118,1992,4,6
6,91118,1996,3,6
6,91118,2000,4,6
6,91118,2004,4,6
6,91118,2008,4,6
6,91118,2012,5,6
6,92001,1992,3,6
6,92001,1996,3,6
6,92001,2000,4,6
6,92001,2004,4,6
6,92001,2008,4,6
6,92001,2012,4,6
6,92002,1992,3,6
6,92002,1996,4,6
6,92002,2000,4,6
6,92002,2004,4,6
6,92002,2008,4,6
6,92002,2012,5,6
6,92005,1992,4,6
6,92005,1996,4,6
6,92005,2000,4,6
6,92005,2004,4,6
6,92005,2008,4,6
6,92005,2012,5,6
6,92007,1992,4,6
6,92007,1996,4,6
6,92007,2000,4,6
6,92007,2004,3,6
6,92007,2008,4,6
6,92007,2012,5,6
6,92011,1992,3,6
6,92011,1996,4,6
6,92011,2000,4,6
6,92011,2004,4,6
6,92011,2008,4,6
6,92011,2012,4,6
6,92015,1992,3,6
6,92015,1996,3,6
6,92015,2000,4,6
6,92015,2004,3,6
6,92015,2008,3,6
6,92015,2012,3,6
6,92019,1992,3,6
6,92019,1996,4,6
6,92019,2000,4,6
6,92019,2004,4,6
6,92019,2008,4,6
6,92019,2012,5,6
6,92026,1992,3,6
6,92026,1996,3,6
6,92026,2000,4,6
6,92026,2004,4,6
6,92026,2008,4,6
6,92026,2012,3,6
6,92028,1992,4,6
6,92028,1996,4,6
6,92028,2000,4,6
6,92028,2004,4,6
6,92028,2008,4,6
6,92028,2012,5,6
6,92030,1992,4,6
6,92030,1996,4,6
6,92030,2000,4,6
6,92030,2004,4,6
6,92030,2008,4,6
6,92030,2012,5,6
6,92042,1992,3,6
6,92042,1996,3,6
6,92042,2000,3,6
6,92042,2004,4,6
6,92042,2008,4,6
6,92042,2012,5,6
6,92053,1992,4,6
6,92053,1996,4,6
6,92053,2000,4,6
6,92053,2004,4,6
6,92053,2008,4,6
6,92053,2012,5,6
6,92077,1992,4,6
6,92077,1996,3,6
6,92077,2000,4,6
6,92077,2004,4,6
6,92077,2008,4,6
6,92077,2012,4,6
6,92081,1992,4,6
6,92081,1996,4,6
6,92081,2000,3,6
6,92081,2004,3,6
6,92081,2008,4,6
6,92081,2012,5,6
6,92082,1992,4,6
6,92082,1996,4,6
6,92082,2000,4,6
6,92082,2004,3,6
6,92082,2008,4,6
6,92082,2012,4,6
6,92083,1992,4,6
6,92083,1996,4,6
6,92083,2000,4,6
6,92083,2004,4,6
6,92083,2008,4,6
6,92083,2012,5,6
6,92086,1992,3,6
6,92086,1996,3,6
6,92086,2000,3,6
6,92086,2004,3,6
6,92086,2008,4,6
6,92086,2012,3,6
6,92087,1992,4,6
6,92087,1996,4,6
6,92087,2000,4,6
6,92087,2004,4,6
6,92087,2008,4,6
6,92087,2012,5,6
6,92104,1992,4,6
6,92104,1996,4,6
6,92104,2000,4,6
6,92104,2004,4,6
6,92104,2008,4,6
6,92104,2012,4,6
6,92120,1992,4,6
6,92120,1996,4,6
6,92120,2000,4,6
6,92120,2004,4,6
6,92120,2008,4,6
6,92120,2012,5,6
6,92150,1992,4,6
6,92150,1996,4,6
6,92150,2000,4,6
6,92150,2004,3,6
6,92150,2008,4,6
6,92150,2012,5,6
