"stateroute","dir25","env","climateTrend","trendPval","country","class","deltaCover"
2001,0.775901893314292,"tmin",0.0443300009913978,0.0325747041396374,"US",4,-0.165447099825241
2004,0.779196877257861,"tmin",0.0392074816097236,0.058795689253753,"US",4,-0.160991470228112
2008,0.717777536079708,"tmin",0.0243639239898103,0.187954418330198,"US",4,-0.169281835237461
2010,0.857069751998025,"tmin",0.0472081743818368,0.0219662933338293,"US",4,-0.149441331893616
2015,0.792296020736668,"tmin",0.0711018437305875,0.000640108363206327,"US",4,-0.144974003641719
2016,0.773757973421157,"tmin",0.0704754754152829,0.000547573386464104,"US",4,-0.210701886343451
2017,0.798887686415557,"tmin",0.0869947234950256,3.28556351957252e-05,"US",4,-0.135202959613606
2019,0.762859502351208,"tmin",0.0480558708295765,0.0122705611106259,"US",4,-0.181391722968353
2022,0.867987339876972,"tmin",0.019753776793582,0.226550149533051,"US",8,0.090666417625863
2023,0.83168371952635,"tmin",0.0266129452179999,0.103056342612195,"US",4,-0.136598148506132
2025,0.834169792084655,"tmin",0.0524501792143245,0.00509280161938648,"US",4,-0.192139118055195
2027,0.812014561316846,"tmin",0.0360751078957159,0.0504473356247832,"US",4,-0.115181479270209
2028,0.74929964235118,"tmin",0.0282395990517022,0.123041307884489,"US",4,-0.113151591194251
2031,0.769275519984262,"tmin",0.0613718125353403,0.000943128236027326,"US",4,-0.099823925552578
2035,0.79917852186037,"tmin",0.0495986811273516,0.00302069869628313,"US",4,-0.191485779202337
2038,0.824912158183064,"tmin",0.0349869008905973,0.0250377332925732,"US",4,-0.209536621571472
2043,0.780483065114024,"tmin",0.0602835405114438,0.000913909772610738,"US",4,-0.175940285061613
4002,0.818647042298423,"tmin",-0.0106463078255466,0.725268633308219,"Canada",61,-0.0078254951629353
4003,0.860102152425283,"tmin",-0.00114385921915761,0.964483596768011,"Canada",61,-0.04045391563333
4006,0.791440101363795,"tmin",-0.00178353461048683,0.95190061310449,"Canada",61,-0.066839754395895
4009,0.82041953650236,"tmin",0.0203075362163245,0.515670675384775,"Canada",51,0.020719277661583
4010,0.791851997317006,"tmin",0.0927958767466649,0.0197554988877558,"Canada",21,0.00045908591325999
4013,0.79487153130102,"tmin",0.00775020390643464,0.790298784686583,"Canada",61,-0.00361137043098397
4015,0.809220472862555,"tmin",-0.0296603314432267,0.374103665547671,"Canada",21,0.0091105848002558
4020,0.786822236480077,"tmin",-0.002845589138891,0.924500860095275,"Canada",51,0.011540960413967
4022,0.814731927454492,"tmin",-0.0364351936382195,0.295879091206485,"Canada",51,0.0221354089243281
4025,0.825784929469948,"tmin",-0.0248840470950383,0.649929366200989,"Canada",21,0.00159852246845522
4026,0.795852811808514,"tmin",-0.000927762403590943,0.973918753129868,"Canada",51,0.019025972315914
4028,0.843260457485226,"tmin",-0.0459544006768834,0.16331336308967,"Canada",51,0.00906628349209598
4030,0.797845723187886,"tmin",0.00732213592642418,0.818184246240337,"Canada",51,0.0243232873676891
4031,0.794706623755027,"tmin",0.0177671320062747,0.564499337306213,"Canada",51,0.0176420515853669
4040,0.802049240500594,"tmin",0.00480836983636614,0.874353918707869,"Canada",51,0.020342871709897
6029,0.753527871634637,"tmin",0.0500596846357692,0.0438847272901259,"US",5,-0.192381732132516
7002,0.812155616785009,"tmin",0.024524217507169,0.229391157611565,"US",6,-0.134018057348644
7004,0.856475084916436,"tmin",0.0144692971857559,0.499002025761769,"US",4,-0.262125871963163
7005,0.800908802160627,"tmin",0.029437267767014,0.184002557813043,"US",4,-0.081956123938565
7006,0.889410836359878,"tmin",0.0199391645097136,0.336645371467415,"US",4,-0.103117986824591
7007,0.767721342299775,"tmin",0.022232385092554,0.244403690388329,"US",4,-0.138040250598889
7008,0.803710144920315,"tmin",0.0289289631278484,0.20286602948685,"US",6,-0.022402827819631
7010,0.845964810030714,"tmin",0.0188718206669459,0.34300649078329,"US",6,-0.027167227015352
7013,0.805064037725499,"tmin",0.031398346839557,0.157659855444848,"US",4,-0.145427174466978
7019,0.843713411935488,"tmin",0.0179974223355074,0.424668288838124,"US",2,0.0372824093300111
7020,0.826303240805028,"tmin",0.0595909226965565,0.0109333576940227,"US",4,-0.076912382170564
7022,0.771436923836798,"tmin",0.0492791485879055,0.0349174706755179,"US",2,0.0647318417858106
7024,0.84224058566154,"tmin",0.0482724523719857,0.0272084531499298,"US",6,-0.121805690872032
7026,0.813767778541742,"tmin",0.0244597645999222,0.288288702075888,"US",4,-0.139183705409545
7028,0.789507376129418,"tmin",0.0561843241382895,0.0236193243367763,"US",2,0.0339377306234468
11019,0.738690606278805,"tmin",0.0293392446470208,0.451522956749678,"Canada",41,-0.010192236551733
11045,0.741252712692345,"tmin",-0.0317013685726094,0.23510372862021,"Canada",21,0.0306366217582719
11207,0.726693906511461,"tmin",0.112440315356622,0.058870280897432,"Canada",21,0.0094568787418426
11220,0.742202269615511,"tmin",-0.0257529879015369,0.551837701567512,"Canada",21,0.0254796413958682
11223,0.730822188628315,"tmin",-0.000126302108482477,0.996367573884414,"Canada",21,0.0087877638309314
11255,0.763213876710993,"tmin",-0.0271797477237952,0.30831432435907,"Canada",41,-0.0257196346748589
11409,0.798693505231914,"tmin",-0.00647063981399134,0.840385489684361,"Canada",41,-0.000356558446933053
11413,0.768755506008187,"tmin",0.0174597215756533,0.477278147365896,"Canada",21,0.0388334767859859
14007,0.786874328878611,"tmin",0.0302585125270963,0.245876024473367,"US",5,0.323329567192062
14009,0.82566858382244,"tmin",0.0486672534300246,0.0706160292782111,"US",7,-0.027230540045227
14011,0.750304688041276,"tmin",0.044477017542558,0.0922742544923455,"US",7,-0.10921718152215
14012,0.753855131726405,"tmin",0.0143763291944087,0.478611029328027,"US",7,-0.101535841653635
14047,0.810649081916636,"tmin",0.0412914661399334,0.114109780495366,"US",4,-0.0618383997922472
14089,0.848590292115021,"tmin",0.0890495531482433,0.00128393398423809,"US",1,-0.057255803924387
14112,0.854471739046069,"tmin",0.0462589991215432,0.153251726993469,"US",5,0.118489177356105
14132,0.778470009031221,"tmin",0.0661600391383418,0.0449390262537568,"US",4,-0.431050276533562
14151,0.78306757461196,"tmin",0.0398328467051829,0.149447439530469,"US",7,0.128880225528533
14165,0.781479715382267,"tmin",0.0525848469968535,0.0574730270170741,"US",1,-0.127274880221522
14175,0.803230249666997,"tmin",0.0446119592584096,0.111703266759696,"US",5,0.114799557963664
14176,0.817758174594757,"tmin",0.0595067645422474,0.0460237547742932,"US",7,0.130725880443909
14181,0.75121351060215,"tmin",0.074959031637404,0.00675213406604955,"US",5,0.165361729425649
14186,0.789708029378072,"tmin",-0.0103796393614164,0.515838898203236,"US",6,-0.34353593866834
14188,0.820360808235271,"tmin",0.0514677866058774,0.116837861455751,"US",4,-0.151609197416073
14201,0.807792484462712,"tmin",0.0456394776261159,0.118669305540681,"US",7,0.245608530618514
17004,0.78987112303418,"tmin",0.0438882500109395,0.0146971230670008,"US",5,0.268337808262449
17006,0.823459646914338,"tmin",-0.0137102301464031,0.516089037983965,"US",7,-0.0177235524246699
17013,0.889239911104482,"tmin",-0.00575225289784943,0.754446934525471,"US",7,-0.062874875910339
17014,0.806732506761634,"tmin",0.0238395688102151,0.177251051932258,"US",7,-0.0502755092102339
17015,0.711578305310567,"tmin",0.0622670134602211,0.00548311908624671,"US",4,0.101249017207576
17018,0.860112492874879,"tmin",0.0230187882477546,0.170492390835429,"US",7,-0.340009760773508
17028,0.811843092463725,"tmin",0.0390463315998583,0.0374055545959825,"US",7,-0.251095517519574
18003,0.810829306384799,"tmin",0.0834955572933817,0.000137633656011347,"US",6,-0.0639990880072957
18004,0.758892771402627,"tmin",0.0768490519683505,0.000338369510166523,"US",6,-0.0448732814311747
18007,0.799849576175627,"tmin",0.0746692358320015,0.000558126009605502,"US",6,-0.0556456762019073
18009,0.75902824146832,"tmin",0.0683632408350682,0.00021333570895703,"US",6,-0.0708622064265858
18015,0.788317823002492,"tmin",0.0891659311747065,7.1726813354561e-05,"US",2,0.052911839732727
21001,0.773331912374535,"tmin",0.0775276119836267,0.000829545201551647,"US",2,0.191161406350241
21003,0.792493132519893,"tmin",0.0796080634993486,0.000316612198567961,"US",2,0.0696655429494833
21010,0.831631479667842,"tmin",0.0790386806941346,0.000341865165454692,"US",2,0.0788750652230628
25001,0.792807263307737,"tmin",0.0397069847175981,0.0176852580819436,"US",4,-0.294421450059561
25005,0.723917805147293,"tmin",0.0368927186909197,0.0370757192295589,"US",4,-0.217664765175568
25006,0.842037321618487,"tmin",0.028308121985232,0.117998333801019,"US",3,-0.175099216528017
25010,0.836422911611978,"tmin",0.0419079505781954,0.0139004466098835,"US",3,-0.102392822275594
25011,0.816682932326735,"tmin",0.0469125639221382,0.0114943413763919,"US",3,-0.150785157524837
25012,0.796259454739187,"tmin",0.0390546639678274,0.0109699876262844,"US",3,-0.130371936031674
25014,0.80540317341637,"tmin",0.0238429712666251,0.136599892014964,"US",6,0.162860715178795
25015,0.772282934643812,"tmin",0.011006371594448,0.589049001851257,"US",4,-0.119595246747868
25018,0.815699396854296,"tmin",0.037998970922098,0.00666824893446571,"US",4,-0.093430317940479
25019,0.756389903555471,"tmin",0.0306200219514582,0.0584289924014371,"US",3,-0.104268950429969
25024,0.874683897908645,"tmin",0.0143598658645924,0.353574813646602,"US",7,-0.232102424350245
25027,0.873707113413515,"tmin",0.029655726499037,0.048857436520422,"US",7,-0.41386101133321
25030,0.796983477291326,"tmin",0.0245785485588103,0.102079552888377,"US",7,-0.298166571125652
27006,0.844264603898278,"tmin",0.0195366930647689,0.270054344070684,"US",8,0.096829904150877
27007,0.781290543120848,"tmin",0.0184147864504103,0.315025730968639,"US",8,0.115303841619179
27010,0.806903454422445,"tmin",0.0339426927280777,0.0555243831930282,"US",4,-0.049587978671837
27024,0.779791260510436,"tmin",0.0266327627291854,0.192760881630942,"US",4,-0.169262598288584
27033,0.793182087646993,"tmin",0.0413373167913465,0.0342233592872803,"US",4,-0.0896309314587
27036,0.796715096121327,"tmin",0.0342376393146533,0.115646405627569,"US",4,-0.159303824044712
27038,0.769541237888687,"tmin",0.0399074266394799,0.0398763334044279,"US",4,-0.230279551960222
33010,0.741381744464279,"tmin",0.0124421175955503,0.552639914212768,"US",5,0.121528707724325
33014,0.742924467640894,"tmin",0.0275058354278922,0.195366050024213,"US",5,0.068307587427593
34002,0.78776519339862,"tmin",0.0521442548182222,0.0432345136225656,"US",2,0.0426992486823153
34003,0.839326883389221,"tmin",0.0505412727227055,0.0595592313780737,"US",2,0.0576693134788515
34006,0.842796650170968,"tmin",0.0634520612637677,0.051244293145595,"US",4,-0.0466527701352878
34008,0.757241791015127,"tmin",0.0352372366423445,0.118635665381262,"US",6,-0.055250198297117
34009,0.78476858077146,"tmin",0.0689513570950587,0.00837601468443484,"US",6,-0.062219612065449
34010,0.762629620237142,"tmin",0.0512549873284203,0.0502629962721965,"US",6,-0.089486436214632
34012,0.804023879797273,"tmin",0.0496317778370957,0.0702754151893261,"US",2,0.0705970555038351
34013,0.805048787972346,"tmin",0.0579700501875183,0.0310999492676823,"US",6,-0.054837107128164
34014,0.812254143220758,"tmin",0.0573508618493487,0.0415038171676015,"US",2,0.394365400093903
34015,0.78948477432679,"tmin",0.0538491282465781,0.0433376126041089,"US",2,0.0499133178252983
34016,0.80233383482175,"tmin",0.0527629023943198,0.0532083809375112,"US",6,-0.064853079751427
34017,0.787105934197407,"tmin",0.0472232868366057,0.0751208499710219,"US",2,0.120217985661643
34019,0.839205599792621,"tmin",0.0281073075811481,0.199365201739768,"US",4,-0.033968205774965
34020,0.806477288394625,"tmin",0.0349455136418501,0.105281270139737,"US",4,-0.04503272793104
34021,0.805387420120185,"tmin",0.0487252924611167,0.0343878589994689,"US",6,-0.079093249062397
34022,0.759112484518845,"tmin",0.0260512406079002,0.238228139945559,"US",4,-0.035374352686854
34023,0.809676484853132,"tmin",0.0581162265361158,0.0147542935917936,"US",6,-0.070994219514247
34024,0.753432661441385,"tmin",0.0264778589879767,0.241319843042531,"US",2,0.0413821252755631
34026,0.810049704561844,"tmin",0.0598763526381162,0.0151781414780474,"US",6,-0.057517767402771
34029,0.826805866111549,"tmin",0.0484735977638018,0.0516875335457735,"US",6,-0.064324759174075
34036,0.826829832566628,"tmin",0.0479468198390803,0.036194328668979,"US",6,-0.076075350742404
34037,0.748543849599259,"tmin",0.0475600270426249,0.0358559948730531,"US",6,-0.08994246061677
34040,0.831571430401384,"tmin",0.0532297985563381,0.0202612850406863,"US",6,-0.111377977590441
34042,0.821967748014983,"tmin",0.0445128128940382,0.0435047078790853,"US",6,-0.05276775273784
34043,0.798105034147536,"tmin",0.0549355235795646,0.0156752865680569,"US",6,-0.067326123833757
34046,0.729580931020414,"tmin",0.0366704158900626,0.0970688330174995,"US",6,-0.072495991803159
34049,0.827705441612887,"tmin",0.0499234238763642,0.0325639816680035,"US",6,-0.134424404751552
34050,0.759598006676083,"tmin",0.0440295143819214,0.0534378884923046,"US",6,-0.091812803786824
34052,0.826372463067263,"tmin",0.0404076629182733,0.056127409502555,"US",6,-0.106036546295761
34053,0.817781988261161,"tmin",0.0467572268485308,0.0314044093446874,"US",6,-0.057356824118744
34056,0.807765972532237,"tmin",0.0457064619426743,0.0495369923364283,"US",2,0.0427744691844159
34059,0.779324596928398,"tmin",0.0522317863568952,0.0282307181676883,"US",6,-0.100782985795786
34060,0.735695415279689,"tmin",0.0532087982924432,0.0312738596665269,"US",6,-0.084818699373376
34061,0.786092246650183,"tmin",0.0415100027385514,0.0808815401399292,"US",6,-0.097774802831319
34062,0.700796185009708,"tmin",0.0488268600272714,0.0431250778549128,"US",6,-0.065307462297124
34063,0.771084493923027,"tmin",0.0380551689840044,0.095920367074033,"US",6,-0.055510041173011
35002,0.820004852935653,"tmin",0.0369001337790011,0.138891510300593,"US",2,0.0594804389360702
35009,0.778392614535837,"tmin",0.0435600804206235,0.0713437324272361,"US",6,-0.18398150793688
35010,0.789903368888134,"tmin",0.0377288273143381,0.123011621157957,"US",2,0.0429607192343634
35020,0.770429601287619,"tmin",0.0392762699191283,0.0892868170006309,"US",6,-0.0658190126948369
35026,0.762673486302916,"tmin",0.0470044780861035,0.0413466520036571,"US",6,-0.211873350358667
35029,0.830235765299726,"tmin",0.0538621737347334,0.019589914885883,"US",6,-0.110550505657221
36001,0.790385811155541,"tmin",0.0180705404969361,0.39955721665549,"US",6,0.0412700166593
36002,0.750414841557283,"tmin",0.019214417560828,0.370173077135911,"US",6,0.057863118151403
36003,0.784818407132997,"tmin",0.027244582888899,0.239239736521717,"US",7,-0.0831522145642998
36006,0.798119765907737,"tmin",0.0413873156076167,0.0665538951211549,"US",4,-0.0303721641600816
36007,0.780507975122895,"tmin",0.0206153479757458,0.357952634318058,"US",2,0.0340271286183653
36009,0.789681020902317,"tmin",0.017923853985325,0.403182186724141,"US",7,-0.0428909962156781
36010,0.832617169634203,"tmin",0.0154836003215453,0.470260171869452,"US",6,-0.037820343108583
36011,0.794298707183935,"tmin",0.0457809734290001,0.0405422775950734,"US",7,-0.0663617178112346
36013,0.809416790833338,"tmin",0.0286571592591973,0.200448529059961,"US",2,0.0306182353712539
36014,0.764180023145324,"tmin",0.0296113556845305,0.184933346453467,"US",2,0.030491647966086
36015,0.783053381221722,"tmin",0.0244726167667037,0.279984050854429,"US",2,0.0359022564174765
36017,0.774678738965895,"tmin",0.043055989038538,0.0604588036806625,"US",4,-0.063391976585118
36022,0.827723336751669,"tmin",0.0239618866085561,0.281852701175535,"US",2,0.0260316750255929
36024,0.83412739510976,"tmin",0.0192742709494791,0.365103850521337,"US",2,0.0375333505107511
36025,0.816092898233358,"tmin",0.025515116580866,0.251862483430502,"US",7,-0.0319746804923833
36030,0.72950046771944,"tmin",0.0365129762753107,0.128861099028076,"US",7,-0.0675760504578471
36033,0.854125499968603,"tmin",0.0499336363326064,0.0486741716533622,"US",2,0.040749670465353
38001,0.78073985669987,"tmin",0.0526575197463006,0.0315162612297225,"US",2,0.0378041872303442
38002,0.776813968856662,"tmin",0.0484879599102685,0.042623078317185,"US",7,-0.0712989712008902
38003,0.818941543903666,"tmin",0.0475907181382866,0.0439506124303437,"US",7,-0.123785722438828
38004,0.84504329149063,"tmin",0.0358713415952815,0.0962491547751217,"US",6,-0.09858912210916
38006,0.841000762268412,"tmin",0.036304414234916,0.121915807549428,"US",7,-0.048045077640878
38007,0.85112240326373,"tmin",0.0334808212534348,0.1732733150905,"US",7,-0.093875408166918
38008,0.794107911638742,"tmin",0.0237263588634802,0.245996008066199,"US",7,-0.164572052670441
38011,0.78420520255654,"tmin",0.0413320667294814,0.0615112649324463,"US",6,-0.041954387819879
38012,0.841118951140854,"tmin",0.0421428024881278,0.027284191433816,"US",7,-0.329525306663595
38013,0.795516329045102,"tmin",0.0369786430300658,0.0954031400578493,"US",2,0.219007840049299
38016,0.791731884667628,"tmin",0.044546847899372,0.0525354596050492,"US",6,-0.092950484601906
38017,0.788999892736196,"tmin",0.0455036834751686,0.0354686373785736,"US",2,0.0318289959658527
38019,0.785710746214046,"tmin",0.0400869371075916,0.0717921515190508,"US",6,-0.0745213103571339
38020,0.838561242721316,"tmin",0.0283516644756058,0.177597435198312,"US",7,-0.157839058038839
38025,0.83313931961582,"tmin",0.0406781700977547,0.0458345733607129,"US",7,-0.08530756052112
38026,0.813907843515855,"tmin",0.0413717846130671,0.0721160983224696,"US",7,-0.0957736809965316
38028,0.790668997430878,"tmin",0.0246943300288179,0.29449338908645,"US",6,-0.165344255946856
38029,0.800126755535438,"tmin",0.0203387444603866,0.378207868253756,"US",6,-0.077016909419664
38031,0.811338239696707,"tmin",0.0316135867956631,0.155224195714754,"US",2,0.0391396730742382
38032,0.793555097699575,"tmin",0.0386309767101171,0.0781864091754986,"US",2,0.0280180081978846
38036,0.769566256154536,"tmin",0.0487847989635567,0.0126438397313192,"US",7,-0.131882138154796
39002,0.753149701969917,"tmin",0.0516512782691152,0.0212909161931938,"US",6,-0.092115828612226
39021,0.749219974392268,"tmin",0.041501043878239,0.0469873596729726,"US",4,-0.089414247849091
39029,0.785067555790487,"tmin",0.0539525884109024,0.0189338740920501,"US",2,0.0281843053806401
39039,0.850038715961107,"tmin",0.0490930792292683,0.0204576114439594,"US",4,-0.0791996756148711
39040,0.752064822048392,"tmin",0.0512815913061761,0.0177336358061718,"US",4,-0.0904838435443
39041,0.815389474581643,"tmin",0.0592596194732676,0.00617146502142258,"US",4,-0.0782855539971949
39044,0.759785837533636,"tmin",0.0618842518834905,0.00496205747738505,"US",4,-0.105518521733056
42009,0.802862804507021,"tmin",0.0536911481083977,0.00515576666452025,"US",4,-0.3518263305197
42015,0.89091350611403,"tmin",0.0193189452378072,0.183551134665791,"US",4,-0.0756033482480681
42016,0.765437472033898,"tmin",0.0370443820276743,0.0181547597249732,"US",6,-0.176594124251109
42026,0.793794572267798,"tmin",0.0390572805877773,0.0563281064236848,"US",4,-0.205409956108234
42027,0.848851493463353,"tmin",0.0462108772102438,0.0313434514410683,"US",4,-0.215171933176467
44003,0.829120674420751,"tmin",0.0702346752020733,0.00128543178891854,"US",4,-0.137265405974893
44019,0.808945580697848,"tmin",0.0658258655685952,0.00859048175517597,"US",4,-0.157919441178918
45002,0.851775581228675,"tmin",0.0473592086905796,0.295375771259014,"Canada",21,0.0055121438189878
45009,0.767551493033759,"tmin",-0.0190132980675129,0.638067005802358,"Canada",61,-0.0083052147239264
45011,0.811952883341118,"tmin",-0.0183020314163009,0.656074380034124,"Canada",21,0.00028190544256176
45013,0.770611515957079,"tmin",0.0294362576673176,0.504875273178177,"Canada",21,0.0082335196522047
45018,0.86125535826854,"tmin",-0.00729344124852165,0.852929088723589,"Canada",61,-0.0028454718777684
45022,0.774040461546797,"tmin",-0.0214651304087293,0.648813690060382,"Canada",74,-0.030198294006868
45024,0.758219052821657,"tmin",-0.00338272692038281,0.931245737463256,"Canada",51,0.00663173337119199
45030,0.84066609996831,"tmin",0.01396407476501,0.695332037056586,"Canada",51,0.000986292209963047
46001,0.771608743897915,"tmin",0.0440365416353852,0.0519387917238619,"US",2,0.059877688449117
46003,0.791084440869289,"tmin",0.0497846396361071,0.0315670773429832,"US",4,-0.073773714512966
46006,0.736482747439874,"tmin",0.0716097458643194,0.00214191832765366,"US",6,-0.157318349333455
46013,0.777362864205658,"tmin",0.0859906844285376,0.00032885562616638,"US",6,-0.195161911871275
46014,0.819939016748571,"tmin",0.0798931590302359,0.000674429879122377,"US",6,-0.191625361093097
46015,0.803733718812729,"tmin",0.0656119187390765,0.00472442584120483,"US",6,-0.168683472358414
46030,0.756993040529771,"tmin",0.0876029026193258,0.00043922487001142,"US",4,-0.0642701705664129
46032,0.827553310248188,"tmin",0.0651525617978593,0.00357878393689756,"US",2,0.105519422824039
46033,0.821323257801158,"tmin",0.0630532308623599,0.00449449039773849,"US",2,0.10522356399008
46035,0.789660755702468,"tmin",0.0918659928662702,0.000212842229733555,"US",4,-0.069324094069194
46036,0.801475254457655,"tmin",0.0916366468183393,0.000225324434509033,"US",8,0.0671126958054569
46037,0.799282554025011,"tmin",0.0928881349642047,0.0002012353305228,"US",8,0.061052140440919
46038,0.735164270261725,"tmin",0.0966778245495114,7.83232337969052e-05,"US",4,-0.095749734963291
46039,0.797386211916588,"tmin",0.0962576472572101,7.797662810344e-05,"US",4,-0.119530193269846
46040,0.772553898970139,"tmin",0.103795103383026,5.55238840281858e-05,"US",4,-0.109003191195316
46041,0.799310536564389,"tmin",0.0818358699121987,0.000889068796121861,"US",4,-0.119458955303701
46044,0.797909538507166,"tmin",0.0896061887029606,0.000217433416068949,"US",4,-0.082985002240005
46046,0.796326797574415,"tmin",0.0819089485250961,0.000615822042412537,"US",4,-0.163699909348071
46047,0.734452398732053,"tmin",0.0765071619675505,0.00118240410542161,"US",8,0.278566336705138
47001,0.837182540222048,"tmin",0.0456214282523456,0.0216438737916041,"US",4,-0.033664619425529
47006,0.81898746914018,"tmin",0.0282604553402468,0.230169897504403,"US",4,-0.183394598255168
47007,0.782314288118271,"tmin",0.0332000385618211,0.0785760640610571,"US",4,-0.160713024750203
47014,0.758377814566181,"tmin",0.0691470997375554,0.00210759258709638,"US",6,-0.0536942523993626
47017,0.787967093193497,"tmin",0.095129907703828,0.000205655461182942,"US",4,-0.029418034534215
47019,0.767043744777116,"tmin",0.0746348969637482,0.000905751777984112,"US",2,0.0203563352320865
49017,0.780643573022047,"tmin",0.0638739232302929,0.0530317298759017,"US",4,-0.111050097965271
49018,0.798185268033938,"tmin",0.0481041238535685,0.115755410601962,"US",4,-0.092623121115768
49021,0.793314203954229,"tmin",0.0519545993958779,0.0601090156947755,"US",8,0.175667745342969
49022,0.769705972337676,"tmin",0.0297948722589354,0.294713549883955,"US",2,0.081108874910885
49025,0.790436947968197,"tmin",0.00799763191557949,0.780406927330773,"US",4,-0.089913209243505
49032,0.78148161592316,"tmin",0.0665578899775307,0.0164678185001248,"US",6,-0.119136896500182
49035,0.807329061755581,"tmin",0.0705705333616891,0.0112842570454468,"US",6,-0.121987234349705
49039,0.765251101832158,"tmin",0.0468360776167656,0.0751321453355009,"US",6,-0.103065597187123
49041,0.819274090494469,"tmin",0.0154995980272405,0.62497687860097,"US",8,0.142672238679212
49045,0.741995193459903,"tmin",0.045826100501263,0.101160395002055,"US",4,-0.09372929749591
49063,0.820525240882742,"tmin",0.0330680651530965,0.186636703338621,"US",6,-0.149094314846285
49073,0.827095342434292,"tmin",0.0343365156151184,0.183768822556456,"US",6,-0.170889158822971
50001,0.759119066749403,"tmin",0.056935136563839,0.0259803101724208,"US",6,-0.088503726207661
50003,0.833324196015607,"tmin",0.0474693830776823,0.0596322222263714,"US",2,0.0267741248847022
50004,0.848807211834892,"tmin",0.0360190158457992,0.140688096764223,"US",2,0.0277667497261829
50008,0.843825840080872,"tmin",0.0419137779928054,0.0976219263192806,"US",2,0.178520206908754
50009,0.764411154618374,"tmin",0.0308208800747866,0.224304306236189,"US",2,0.079840764587202
50010,0.848264330707109,"tmin",0.032028446894788,0.206356213845848,"US",2,0.0345035842764488
50015,0.791978435864968,"tmin",0.05311204713229,0.0459149029236637,"US",2,0.0506892054532569
50016,0.780533696079473,"tmin",0.0383802884149657,0.138123214855777,"US",2,0.136333326774537
50017,0.76766969362413,"tmin",0.027277133164835,0.283523925647328,"US",8,-0.0675116475446685
50022,0.804593443801556,"tmin",0.0308802119558982,0.268399070150875,"US",8,0.099915407185489
50027,0.778047646342299,"tmin",0.0298963130373483,0.287135592448982,"US",6,-0.080327376615578
50028,0.767352663762973,"tmin",0.0251282668366507,0.397522613740451,"US",6,-0.128521185244241
50031,0.829496641740617,"tmin",0.0644211857624543,0.0372829546060284,"US",4,-0.060339538992589
50032,0.771306597734441,"tmin",0.037353741970794,0.18526103897978,"US",4,-0.147080579688998
50035,0.807606147457403,"tmin",0.0151195660161711,0.598819646131863,"US",8,0.192605215832987
50037,0.800794361214743,"tmin",0.0115497550375256,0.691413695392061,"US",8,0.128859026719113
50042,0.745386571050197,"tmin",0.0456981536540914,0.141626925628901,"US",6,-0.07461484282861
50043,0.813640786821521,"tmin",0.0453223822615513,0.112951215265071,"US",6,-0.040103650606886
51028,0.935302241529065,"tmin",0.0573784132977533,0.00227198111705452,"US",4,-0.275441884793933
52004,0.76465113219445,"tmin",0.0542475140882881,0.0209121915104264,"US",6,-0.03614588714165
52006,0.769653888985352,"tmin",0.0621855337061174,0.0129583949439726,"US",6,-0.058057393734805
52007,0.799564079612552,"tmin",0.0540359493088488,0.0238540668758169,"US",6,-0.0910926177336601
52008,0.759371733117901,"tmin",0.0595978462934995,0.0187022627708382,"US",4,-0.042005953405988
52010,0.79292658989429,"tmin",0.0348053668552866,0.128055510049987,"US",4,-0.06683048620782
52011,0.779979256991599,"tmin",0.0648639546740715,0.00696480046913908,"US",4,-0.059782904231067
52021,0.787271885128559,"tmin",0.0574178528312851,0.0181506892174053,"US",6,-0.068988815703991
52027,0.808860006046752,"tmin",0.0330324719012108,0.121366546709427,"US",7,-0.0413490149307378
52028,0.72142372620951,"tmin",0.0393001026318065,0.071797674050416,"US",6,-0.0615617598270209
52032,0.767492744305214,"tmin",0.0529878574485995,0.0278903455290427,"US",7,-0.0384542729251366
52034,0.765877350983119,"tmin",0.0213217894369156,0.299211104704013,"US",4,0.086026870112872
52035,0.764379266381097,"tmin",0.0553723090059876,0.0152577243576386,"US",7,-0.0563797651463581
53010,0.780800535031949,"tmin",0.0207519828194271,0.395628145898078,"US",6,-0.082601240276642
53014,0.79832593791469,"tmin",-0.0188937816048757,0.290534313316496,"US",7,-0.045254298226995
53015,0.800980561189762,"tmin",0.0402759211648814,0.0573798309241155,"US",4,-0.17611079319763
53018,0.814932462035301,"tmin",0.0386500690900364,0.062412181763234,"US",5,0.28306325370429
53023,0.875712685021441,"tmin",0.0240476626893444,0.309463971512975,"US",6,-0.201639327253297
53024,0.805527781425426,"tmin",0.0375365761740554,0.0935286287230443,"US",5,0.157191573395862
53025,0.803726575455271,"tmin",0.0668474478558883,0.0112202942522624,"US",4,-0.113119005002524
53026,0.807465882848924,"tmin",0.0840560878560976,0.000473716133077752,"US",5,0.023851062609039
53027,0.785041620930092,"tmin",0.0552930767066328,0.0129838809156736,"US",7,-0.074148042549501
53039,0.7534168429145,"tmin",0.0911090809382822,0.000101172506239627,"US",7,-0.231883496333765
53041,0.783019062026594,"tmin",0.00981578882822449,0.612250268734055,"US",5,0.318982089857256
53044,0.765453501871653,"tmin",0.0224491764205181,0.303152757646298,"US",5,0.176354381516453
53046,0.812068380004135,"tmin",0.0753901880318706,0.00371086751617692,"US",7,-0.398517338208289
54001,0.777251584806974,"tmin",0.0427566906141362,0.0812124049321022,"US",6,-0.0821081057910751
54002,0.80643733284726,"tmin",0.0307038656406432,0.187928803812945,"US",6,-0.0771352262085541
54006,0.859991882658098,"tmin",0.0353500733823846,0.0948630902585741,"US",7,-0.0490788392677218
54007,0.817312347170098,"tmin",0.0294023748260042,0.15727023897166,"US",7,-0.043847739502659
54012,0.787239528707734,"tmin",0.0420811763176547,0.0830255281330148,"US",6,-0.215440162169437
54013,0.758452418505873,"tmin",0.0297633874243338,0.199510307279008,"US",6,-0.278067050333424
54015,0.844671637041258,"tmin",0.0405298221059939,0.0928411730381822,"US",6,-0.107973888323448
54017,0.811210451906979,"tmin",0.0433304955350902,0.085485595257866,"US",6,-0.067577156535864
54022,0.79057416049906,"tmin",0.0240535596048723,0.334280389717994,"US",6,-0.1744442997485
54025,0.778529889492373,"tmin",0.0157257329326889,0.519772933381257,"US",7,0.09475174655846
54026,0.740862728765515,"tmin",0.0174632726934074,0.476426178739795,"US",7,0.133301767797787
54028,0.836544668477172,"tmin",0.0309846178955971,0.166030028725215,"US",6,-0.182148074439481
55011,0.848748205355235,"tmin",0.0221026061831099,0.370504416929525,"US",5,-0.108249941819875
56014,0.782204191526173,"tmin",0.0401432957896952,0.148363663667391,"Canada",21,0.0143948171379002
56029,0.782822783579408,"tmin",0.0779595998262682,0.0145724932617462,"Canada",41,-0.0169012785714
56041,0.82508284349814,"tmin",0.0457691041456027,0.111406399812245,"Canada",41,-0.0339743024904471
56042,0.783195151758081,"tmin",0.0562830892761188,0.0607096892166097,"Canada",41,-0.014685577504758
58001,0.746419016082512,"tmin",0.0665965607017213,0.00622567219739354,"US",4,-0.0791396445717171
58003,0.738585850662866,"tmin",0.0746767002070051,0.00221243055420013,"US",6,-0.0349196396462854
58005,0.78774575632458,"tmin",0.0635490132493232,0.00708409709203857,"US",4,-0.0747658429980871
58007,0.767509851049863,"tmin",0.0723250014235586,0.00207240141686905,"US",6,-0.0585618497707832
58008,0.7479998716618,"tmin",0.0607000672594463,0.00732228820321247,"US",4,-0.0641350642349771
58009,0.825174914872204,"tmin",0.0650277004246019,0.00413579868222185,"US",4,-0.0797364880245389
58010,0.804584575123115,"tmin",0.0748506898050893,0.00107659628502131,"US",4,-0.061486208403518
58011,0.800666588385219,"tmin",0.0850156560512487,0.00236257290134542,"US",4,-0.0628801691168019
58012,0.796389952583125,"tmin",0.0690031997884863,0.00204854071876444,"US",4,-0.068567384980132
58013,0.745356212297854,"tmin",0.0560385688157071,0.0285579838887619,"US",4,-0.050091485575356
58015,0.809923125942036,"tmin",0.0465667189342462,0.103124305565123,"US",6,-0.0572641693902064
58017,0.775359999391778,"tmin",0.0361647950521774,0.0997209848302254,"US",4,-0.035867557497652
58018,0.770895533423031,"tmin",0.0676279742482708,0.00358369403474927,"US",4,-0.036596135786929
58022,0.8136064516666,"tmin",0.0470209492169894,0.0454608457288838,"US",4,-0.10459298223106
59010,0.785950775458977,"tmin",0.0935459735659529,8.12091168328424e-05,"US",2,0.11823168056165
59013,0.804899300953516,"tmin",0.0702332236419372,0.00355416113946864,"US",4,-0.207298875365573
59019,0.787405672990713,"tmin",0.0770324380904827,0.000556151226287548,"US",6,-0.050789026695383
59020,0.810687172208348,"tmin",0.0795830169969506,0.00038669984145716,"US",2,0.130751415505941
60002,0.802558416489307,"tmin",0.0467873182852957,0.0459367916497989,"US",5,0.443336456567741
60003,0.749785213835646,"tmin",0.0836670493646058,9.75421521682082e-05,"US",7,-0.325382587047375
60004,0.793195881668601,"tmin",0.0835251837047924,9.22588668645423e-05,"US",7,-0.0785175263453277
60009,0.855512196092985,"tmin",0.0706110063424474,0.00352583192669665,"US",7,-0.496484219409948
60010,0.771721814895664,"tmin",0.0708126082058751,0.000783256854179705,"US",7,-0.376568395321237
60017,0.831613211832274,"tmin",0.019272736565012,0.346998235297893,"US",7,-0.684838198292436
60018,0.858144181475821,"tmin",0.00194332054422339,0.921444571732336,"US",5,0.79242924216997
60020,0.825214747627624,"tmin",0.0766768961759731,0.000657627854477229,"US",5,0.249223032330692
60022,0.76210796230503,"tmin",0.0706673201216152,0.000382357940089651,"US",7,-0.481654378501165
60023,0.844670978480862,"tmin",-0.0183485456952237,0.411159423306724,"US",5,-0.324523522736515
60025,0.831716813221057,"tmin",0.0322624277530121,0.189773859720367,"US",7,0.608102101844524
60027,0.83631328659443,"tmin",0.0308269442077879,0.159549847375506,"US",5,-0.20594772115403
60031,0.849016869445823,"tmin",0.0435439905922531,0.0725579849463516,"US",7,0.448302662490211
61001,0.751591496952061,"tmin",0.040964435384763,0.063987797041358,"US",4,-0.082967044722472
61008,0.760612348447977,"tmin",0.0816073302808529,1.96631459881601e-05,"US",4,-0.10275159092189
61013,0.815945201222108,"tmin",0.0274597804305044,0.157985826208076,"US",8,0.0805825136731327
61026,0.683015655557354,"tmin",0.0359778507331869,0.0542454825127266,"US",4,-0.062119879827068
61030,0.839717796011899,"tmin",0.0279149244569395,0.175577042411267,"US",4,-0.0742033468489181
61039,0.729575807323969,"tmin",0.0413633946937638,0.052459888717378,"US",4,-0.086443129351254
61041,0.795889338756057,"tmin",0.0184206813783556,0.384522458868817,"US",4,-0.140058147211342
61043,0.769042860908194,"tmin",0.0224844269887248,0.298710823673329,"US",4,-0.109726525243584
61045,0.814179848017427,"tmin",0.0760335423709527,0.00144616670137443,"US",6,-0.071163644111447
61047,0.805758818939971,"tmin",0.0321563038421654,0.150237765506603,"US",4,-0.070805942486461
61053,0.828261680636673,"tmin",0.0738901880187504,0.00260330213329531,"US",6,-0.168239434823637
61055,0.832225973945184,"tmin",0.0606568684425685,0.010518957123906,"US",6,-0.10922741349964
61056,0.796591258510069,"tmin",0.0639637795795912,0.0266804976913387,"US",6,-0.080631529733327
61057,0.826749530510916,"tmin",0.0740024851065602,0.00404756130985014,"US",6,-0.115239601969453
61059,0.795609498795837,"tmin",0.0446245004906319,0.100559674841763,"US",6,-0.07353635926936
61060,0.806946929725216,"tmin",0.0811698317344824,0.00120487061871057,"US",6,-0.093747157529235
61064,0.843822394771016,"tmin",0.0450229729527037,0.0528065931097955,"US",6,-0.169254496136018
61065,0.785437053427002,"tmin",0.0444377313341401,0.0554989629362512,"US",6,-0.163885033085043
61070,0.761078853849943,"tmin",0.036382470081883,0.13830461407719,"US",4,-0.163694125271491
61073,0.792274258630704,"tmin",0.0414712674507031,0.0741103322979818,"US",4,-0.041525468062474
61075,0.787141459155144,"tmin",0.0206935795839347,0.375152315067191,"US",6,-0.051553106747392
61084,0.767098897671042,"tmin",0.0457337818651436,0.066268950153922,"US",4,-0.0793225443125221
61089,0.799726755512672,"tmin",0.0480283647008173,0.0268158978982035,"US",6,-0.084112044893197
61090,0.80719648865584,"tmin",0.0419468863836664,0.0675085751395885,"US",6,-0.083840379963345
61091,0.81234364961005,"tmin",0.0467561375045476,0.024321619258083,"US",4,-0.103411791343873
61093,0.796140168564979,"tmin",0.0472381783503854,0.0325480005722129,"US",4,-0.088371517306568
61111,0.790147856908706,"tmin",0.078953672798109,0.00155964900337963,"US",6,-0.066482238659357
63010,0.78534233632583,"tmin",0.0487079616755225,0.0251482858199909,"US",3,-0.0373896316283575
63012,0.81204690591804,"tmin",0.0520715591246419,0.0215911365026232,"US",4,-0.145882726974889
63013,0.796194631901077,"tmin",0.0561147502321944,0.0138709322120889,"US",4,-0.213285399801856
63014,0.749801646839341,"tmin",0.0628878883368355,0.00667403894307671,"US",4,-0.132841700950148
63015,0.771824694593946,"tmin",0.0639965836848907,0.00460382240648928,"US",4,-0.150652906528669
63020,0.785907956503657,"tmin",0.0350296824491856,0.0981101155782633,"US",4,-0.066253603929339
63024,0.795032210914839,"tmin",0.0797561963423459,0.00139509315860379,"US",4,-0.0755189801665059
63025,0.717238445482161,"tmin",0.0595479497450118,0.0181643330075407,"US",4,-0.10638258191923
63030,0.794418812387966,"tmin",0.0790943611708682,0.000214706676965295,"US",4,-0.124198072665392
64001,0.817446169576083,"tmin",0.0481832475150935,0.101477522879444,"US",1,0.0391262910158909
64002,0.812977686690603,"tmin",0.0515792527891257,0.0837095009155936,"US",6,-0.07426974067242
64005,0.792497600215561,"tmin",0.0258720691574129,0.357745588229071,"US",7,-0.0602462007823961
64007,0.821610576876953,"tmin",0.0322974091045836,0.251364023650586,"US",6,-0.056005043176055
64008,0.786841833533008,"tmin",0.0309665469796472,0.269722153403426,"US",6,-0.11217108405083
64012,0.776832321669132,"tmin",0.040714652264091,0.15783730740723,"US",7,-0.266147363807512
64017,0.856471546285217,"tmin",0.0264617738826687,0.339952549288441,"US",7,-0.313932160136105
64019,0.817161191346331,"tmin",0.0451054156039562,0.0630005711327539,"US",6,-0.064066688958894
64023,0.830148852750345,"tmin",0.0463863503796473,0.0891709181263782,"US",7,-0.070318836962626
64026,0.797893531629458,"tmin",0.0563097465677421,0.0191092258634842,"US",7,-0.05740151989196
64032,0.843551692350151,"tmin",0.0351110474143653,0.122640149047132,"US",5,0.308143633325414
65009,0.777736201614593,"tmin",0.0889887168399853,0.00585100185140119,"Canada",41,-0.00510351940402798
65011,0.797085262524817,"tmin",0.073383909198345,0.0139576290486785,"Canada",21,0.00034261599849583
65013,0.790788583448327,"tmin",0.0981477080138599,0.00231792332562294,"Canada",21,0.00015304899783114
65014,0.749598450425509,"tmin",0.0919925291780961,0.0041325981189912,"Canada",21,0.0057645367730026
65018,0.737292586871636,"tmin",0.0377549826671866,0.20992572395729,"Canada",21,0.0052942304393021
65022,0.789785694241908,"tmin",0.0443088563058023,0.141596254047775,"Canada",41,-0.010479184735472
65027,0.791257018972935,"tmin",0.0855586848981724,0.00564074981749209,"Canada",41,-0.00200140358173295
65029,0.790420169361942,"tmin",0.0408622395420876,0.117627841207136,"Canada",41,-0.00529961925841194
65033,0.809251761165291,"tmin",0.0417000772484292,0.111454388955796,"Canada",41,-0.0374674552132011
65037,0.819787953582457,"tmin",0.0420122825363851,0.10147234025393,"Canada",21,0.0041964289459224
66002,0.800278601286999,"tmin",0.0759594251965884,0.00349528123967066,"US",6,-0.068103578514811
66008,0.747437207860355,"tmin",0.0696035951628723,0.00853344446774204,"US",6,-0.127302401492189
66017,0.766412572574194,"tmin",0.0616883649992191,0.00803782618313998,"US",2,0.09005168917731
66021,0.805295201635716,"tmin",0.0599113988420836,0.00850273451808805,"US",2,0.071562174764253
66035,0.773511693610804,"tmin",0.0632170524567677,0.00573914237209194,"US",6,-0.063817586243884
66040,0.765813033822127,"tmin",0.060406892052539,0.00691731482121186,"US",6,-0.076498306866854
66043,0.744511338757065,"tmin",0.0762662556082071,0.00103614318796242,"US",6,-0.152243752539618
66075,0.771257579515872,"tmin",0.0780149817321185,0.000747204089259379,"US",6,-0.111697344615018
66083,0.741794650161219,"tmin",0.0627425590550267,0.00425745655224284,"US",6,-0.09623799902574
67010,0.841572532856722,"tmin",0.0246451423776467,0.308810845421552,"US",5,0.415044282087556
67011,0.799252193334534,"tmin",0.0662241546886281,0.00486447561455811,"US",6,-0.054502193471634
67012,0.782833042542276,"tmin",0.0336119810781998,0.155359121535079,"US",6,-0.091145304284936
67014,0.818412269528915,"tmin",0.0313609626079757,0.187896158827067,"US",6,-0.145095993840498
67015,0.826391541503576,"tmin",0.0519169936546901,0.0227378828828586,"US",7,-0.147445310274624
67017,0.818092018570903,"tmin",0.0398316181136901,0.0851297250775554,"US",6,-0.109489065880199
67018,0.792803501349966,"tmin",0.0239293291256395,0.30633403146828,"US",6,-0.296201501610896
67020,0.798369811048334,"tmin",0.0415657536758507,0.0795755075966381,"US",6,-0.202541527069727
67021,0.823238746178424,"tmin",0.030131391231443,0.190926820625942,"US",6,-0.429840107376953
67022,0.795107369931253,"tmin",0.0557363069553062,0.0242263780360012,"US",6,-0.047489591411452
67023,0.825694330827463,"tmin",0.0487377881382746,0.0423478406916947,"US",2,0.0333627826314584
67024,0.793871271456878,"tmin",0.0470412588575739,0.0417660492296757,"US",7,-0.234220554586487
67027,0.749879659435441,"tmin",0.0261713966956501,0.267151500902181,"US",6,-0.232309209455513
67028,0.817479541056751,"tmin",0.0279957205108074,0.229230403462308,"US",2,0.0374801675538268
67034,0.753236855355925,"tmin",0.0305112480477492,0.110239712208683,"US",5,0.183500924938353
68005,0.815628021289595,"tmin",0.0213755867067072,0.569812645542732,"Canada",21,0.0322553661720389
68006,0.791505575628495,"tmin",0.0668700283323845,0.0623567350876638,"Canada",21,0.085452778064075
68007,0.814825535072849,"tmin",0.0232837618584236,0.477392963788825,"Canada",21,0.0105426973391683
68008,0.836528850496139,"tmin",0.0392697732906409,0.284224658702244,"Canada",25,-0.0283983475727729
68011,0.813708803542029,"tmin",0.0118585134361206,0.666442447135734,"Canada",21,0.00524219709143901
68012,0.828948238269959,"tmin",0.0404961830196469,0.176930303316745,"Canada",21,0.0047991810218753
68015,0.759336323269757,"tmin",0.0400605428955645,0.194988918566074,"Canada",21,0.0035270610040784
68020,0.761784844258592,"tmin",0.0332972087066913,0.425672883882092,"Canada",21,0.0108101619450871
68022,0.83940448444638,"tmin",0.0564766264491301,0.166079410333983,"Canada",21,0.0056467506224804
68025,0.822557195864048,"tmin",0.0401281715045225,0.254265848141035,"Canada",41,-0.003876605816241
68028,0.808706707347664,"tmin",0.0513317456275499,0.159089644281779,"Canada",41,-0.014225999751682
68035,0.813842539172619,"tmin",0.0723411611284785,0.0728893409263816,"Canada",41,-0.0121914456135539
68036,0.790866289185904,"tmin",0.0852554631385431,0.0389026493667257,"Canada",41,-0.00364354488890395
68037,0.826237008089653,"tmin",0.100471698883581,0.0244341885573522,"Canada",41,-0.00992227550851599
68049,0.80453836081828,"tmin",0.0684723619772183,0.0896895968601646,"Canada",21,0.000422220121624603
68050,0.764422528342446,"tmin",0.0161995182824188,0.640104487649731,"Canada",41,-0.00286582939494107
68052,0.805412746371814,"tmin",0.0384941991018707,0.277734090243033,"Canada",41,-0.007445794365049
68054,0.790604613514086,"tmin",0.0153998141441609,0.738070530148767,"Canada",21,0.00417961504179612
69003,0.8039059814561,"tmin",0.0236746974060788,0.386008126254982,"US",3,-0.119309029725182
69008,0.803146000274871,"tmin",0.0949180764867327,0.00133100178449484,"US",5,-0.360757572518758
69009,0.855940355762737,"tmin",-0.02485708168885,0.151819623434733,"US",4,-0.220061960892491
69018,0.745513353604425,"tmin",0.0243265245208584,0.249406997200033,"US",4,-0.183460588562682
69035,0.798829172819379,"tmin",0.116329864292246,6.83222147449744e-05,"US",7,0.204278375341146
69046,0.783163169198517,"tmin",0.0247890389414347,0.292832278704624,"US",7,0.125374755594177
69052,0.760852007744582,"tmin",0.0484127803138696,0.0692384933406159,"US",4,-0.143513013820422
72004,0.764586227304145,"tmin",0.0553340630759639,0.0158870765020443,"US",6,-0.085576123629038
72006,0.795374211726654,"tmin",0.045454600377275,0.0349155246285484,"US",4,-0.081222679892401
72010,0.775992881793164,"tmin",0.0624808767008739,0.00702435505640563,"US",4,-0.101916126973014
72013,0.798785314638662,"tmin",0.0393675931128318,0.0748061521684975,"US",3,-0.0525239299626718
72014,0.854960788093971,"tmin",0.0495158860178329,0.0191319911975116,"US",4,-0.0658728159564
72016,0.755235598517976,"tmin",0.066237829609871,0.0045307489086514,"US",4,-0.0952393842975899
72018,0.794080228113619,"tmin",0.0728935091890268,0.00186029856792567,"US",4,-0.07278397378297
72020,0.795129992532623,"tmin",0.0581708825601115,0.00581057002109155,"US",4,-0.097705541534853
72022,0.799012378476224,"tmin",0.05707936097762,0.0114303324194085,"US",6,-0.053538836386756
72023,0.810469864696662,"tmin",0.0549198907236095,0.010066885332061,"US",4,-0.0794421706962669
72024,0.787290482273305,"tmin",0.0729686928817137,0.00170039261940001,"US",4,-0.0671189979123169
72025,0.828888470136403,"tmin",0.0314743733998587,0.168632391240592,"US",6,-0.080704429109609
72028,0.753893368521904,"tmin",0.0477530675462078,0.027586620530492,"US",4,-0.061233121571445
72029,0.78066945779744,"tmin",0.054302647810716,0.0139600201996711,"US",4,-0.104588608886603
72030,0.772462645293715,"tmin",0.0416786680859366,0.0568887393719794,"US",2,0.0471337349366481
72033,0.779653662989068,"tmin",0.0460634985620482,0.0339544866311472,"US",4,-0.051152665031216
72035,0.830148035305153,"tmin",0.0638651353391859,0.00543321632808525,"US",2,0.0665333850231703
72036,0.838129791657532,"tmin",0.0702414047039216,0.00366561044689085,"US",2,0.0843972958829865
72038,0.800408634231418,"tmin",0.0501950965343501,0.0231119912317456,"US",2,0.055017370811156
72044,0.716632521615882,"tmin",0.0468079884080611,0.0284436637298158,"US",4,-0.114568137777875
72046,0.798430478396245,"tmin",0.0679503084803697,0.00211356932587272,"US",2,0.124817260977358
72052,0.839224492802639,"tmin",0.0657608475746259,0.00452793781405035,"US",2,0.0703091639397794
72054,0.817209862323139,"tmin",0.0569934537071777,0.0119532136707957,"US",2,0.0727797611271612
72058,0.787103186610967,"tmin",0.0859193239657632,0.000427763243690944,"US",4,-0.0729589976034181
72064,0.770273083522292,"tmin",0.0601149804309437,0.0110521204462781,"US",6,-0.065034247500068
72069,0.769420648796698,"tmin",0.0353890987744078,0.148475987917896,"US",6,-0.084556945794912
72070,0.806299114052913,"tmin",0.0483885682105606,0.025335783174704,"US",6,-0.09033162223049
72071,0.784556807411847,"tmin",0.0655474827593927,0.00622995523931003,"US",2,0.056687517901379
72072,0.757180902731951,"tmin",0.0543061024329036,0.0151812335579133,"US",6,-0.097273783084415
72079,0.786700149760043,"tmin",0.0707196788646119,0.00844154167986168,"US",6,-0.067578739200207
72083,0.798664055425406,"tmin",0.0849032302821188,0.000575124010028706,"US",2,0.0714581585064077
72085,0.787053025931485,"tmin",0.0922559330383438,0.000576749893343274,"US",2,0.0570530720732838
72088,0.78043093374085,"tmin",0.0450214587985685,0.0462277034147366,"US",6,-0.100164632594551
72090,0.8164498013988,"tmin",0.041786213367135,0.0556931489509162,"US",4,-0.059779751431756
72091,0.815005312158934,"tmin",0.0459001300717475,0.0374821924987572,"US",4,-0.049128042146511
75005,0.815489158503705,"tmin",0.0787348015170563,0.0232362606072245,"Canada",41,-0.00721021267437
75009,0.812961897673941,"tmin",0.0659142806212749,0.0388374730235958,"Canada",41,-0.00927140617063099
76001,0.778766626008235,"tmin",0.0292490072023763,0.379979179028382,"Canada",41,-0.00793923930457496
76002,0.730770186367749,"tmin",0.0406237424614107,0.188109731664311,"Canada",41,-0.0141835348572
76004,0.822320051154736,"tmin",0.0592691710654744,0.049793705131575,"Canada",21,0.0123119015047879
76005,0.831172179490615,"tmin",0.03041254230198,0.283423747591422,"Canada",21,0.0117706660783377
76008,0.811549415114316,"tmin",0.0393619004911162,0.19937824260782,"Canada",21,0.0406381633472604
76012,0.764006906086496,"tmin",0.0645724485118491,0.0726334838259159,"Canada",41,-0.00511750816876799
76022,0.807585373367024,"tmin",0.0283387163542263,0.377038120228451,"Canada",41,-0.0179238113775619
76023,0.840746770010845,"tmin",0.0305230359316298,0.284877126703607,"Canada",41,-0.00842452903521301
76040,0.732338865199025,"tmin",-0.0274943356354545,0.310385321875375,"Canada",41,-0.00466376408038394
76060,0.799605436632276,"tmin",0.0179187042896389,0.546096946560239,"Canada",41,-0.010892382184331
79031,0.767148951306824,"tmin",0.00580908840924135,0.868702414287532,"Canada",45,-0.00378037952126181
80005,0.766003694761152,"tmin",0.0269892865888319,0.198985370163924,"US",8,0.104579140842955
80011,0.772822840539192,"tmin",0.0535726747640626,0.0151794941189673,"US",6,-0.166093136971644
80018,0.797949906705734,"tmin",0.0663574544892684,0.00215326667891768,"US",4,-0.154043983307848
81001,0.84383097007885,"tmin",0.0394903528534105,0.127795399128521,"US",2,0.0829205956445828
81003,0.800397297171813,"tmin",0.018019133801776,0.492787099667496,"US",6,-0.096431341344265
81010,0.792379663965115,"tmin",0.0247675008713232,0.344621394250845,"US",6,-0.0402795683566809
81028,0.792139147928854,"tmin",0.00810317799937128,0.735055198520751,"US",6,-0.149897580624572
81030,0.815183606979786,"tmin",0.0337216967139887,0.14484994137696,"US",6,-0.076372064036147
81031,0.848477104714004,"tmin",0.0307980579929752,0.170110017890959,"US",5,0.041100667605284
81033,0.848749931143026,"tmin",0.014482766419274,0.544517558295284,"US",1,0.0173683802434674
81035,0.868961156084169,"tmin",0.000556987421376419,0.981050773099291,"US",7,0.251609955155044
82001,0.794211728356483,"tmin",0.0380923796814755,0.0743173882758434,"US",4,-0.0494477927861
82004,0.835329445178639,"tmin",0.00618077980346968,0.767919623082979,"US",6,-0.046373714324637
82007,0.747354535058618,"tmin",0.0663515762274065,0.00412016890180449,"US",6,-0.068164557093721
82009,0.785622270475384,"tmin",0.0316122099746912,0.150107835395708,"US",6,-0.084385027206149
82010,0.799931383393647,"tmin",0.00463256646195386,0.83276805533196,"US",6,-0.052334287671032
82015,0.726104779561268,"tmin",0.0489409752107417,0.0282941391340704,"US",4,-0.147235329149297
82016,0.797327042177708,"tmin",0.0375602844247236,0.1024733998763,"US",4,-0.056221054696495
82017,0.762020898469153,"tmin",0.053324823487164,0.0214851826175368,"US",4,-0.121562861279786
82018,0.76046136443578,"tmin",0.0482917817004192,0.0442411883793383,"US",4,-0.117137943279696
82020,0.819853149881533,"tmin",0.0303097937106581,0.161805102675252,"US",6,-0.0888189945087259
82023,0.801225180535169,"tmin",0.0282495136480835,0.158399220652767,"US",4,-0.109252527906113
82025,0.801415750632975,"tmin",0.0387597757073414,0.0709051577695392,"US",4,-0.156024844151502
82031,0.784030762160143,"tmin",0.107693299065406,6.23864212091903e-06,"US",4,-0.0850976824316799
82032,0.790984723763802,"tmin",0.0819651923058675,0.000325100507138838,"US",4,-0.114178473320941
82033,0.811385154400965,"tmin",0.0769214874602617,0.000298372888276505,"US",2,0.369084324687082
82040,0.791339438795808,"tmin",0.0722872982801628,0.000755021421909412,"US",4,-0.150679351147008
82041,0.801466692021132,"tmin",0.068328819644604,0.000911603932432488,"US",4,-0.211899942480538
82042,0.788028901904013,"tmin",0.0449628119399905,0.0293755927953236,"US",4,-0.0578371961297031
83011,0.797421785609856,"tmin",0.0127109979249389,0.442190743692321,"US",4,-0.180639544181143
83015,0.773332997684192,"tmin",0.00842122654568127,0.629336418479122,"US",5,0.15190494037559
83020,0.837561050308898,"tmin",0.0102909140641187,0.455883696677436,"US",8,0.23641400412638
83022,0.833814999884857,"tmin",0.0219664809040896,0.106512030339286,"US",4,-0.288840563699126
83024,0.782549322894964,"tmin",0.0186655035667857,0.248900126616172,"US",6,0.391459752834116
83025,0.784227050003463,"tmin",0.0407881046747395,0.0166134363562625,"US",6,0.262283069803317
83028,0.772742818885204,"tmin",0.0259106443332681,0.13091930978466,"US",5,0.549905006332911
83030,0.818657543700289,"tmin",0.0136308368245733,0.343041265818651,"US",5,0.266971630737337
83031,0.783492542398356,"tmin",-0.00274281854679438,0.864715626063646,"US",5,0.404001495965331
83032,0.811701585664366,"tmin",0.0371168732319478,0.0221854784169203,"US",4,-0.277354282818044
83033,0.802569886563221,"tmin",0.0340866634834163,0.0486399473906889,"US",4,-0.183815520927039
83042,0.841513333059006,"tmin",0.016453173828912,0.359156495637933,"US",5,0.413595087515121
83043,0.779900481458471,"tmin",0.0235754549655019,0.229716963106113,"US",5,0.412906845532658
83044,0.864698379378693,"tmin",0.0336332232289057,0.0556763807738404,"US",4,-0.20712187852807
83045,0.806714636775273,"tmin",0.0287897277116009,0.152307044136721,"US",4,-0.120433277517256
83048,0.82697419760503,"tmin",0.000196539032138021,0.992183709781451,"US",5,-0.156364787312904
83052,0.851755759717713,"tmin",0.0416787705642994,0.0220381994886366,"US",5,0.215462753950339
83054,0.755126384167121,"tmin",0.0247252480519835,0.204606175795823,"US",5,0.221811355448586
83058,0.744278612615826,"tmin",0.0320035294587752,0.119306434462791,"US",4,-0.159200529074313
83064,0.843963561279454,"tmin",0.0231508425725559,0.245134216828578,"US",7,0.255839926799074
83071,0.838397132995876,"tmin",0.0603042769874463,0.00279258583975436,"US",4,-0.069778528931918
83072,0.831827542225818,"tmin",0.0234321176394439,0.284280376883,"US",6,-0.258536205957844
83076,0.810695696868966,"tmin",0.0289841551309104,0.239206521789717,"US",7,0.207837176744479
83081,0.828453381303509,"tmin",0.0119648447453111,0.572572101522974,"US",7,-0.21239308012841
83082,0.842482511742698,"tmin",0.05409430251871,0.0159302309957055,"US",4,0.0116210985957426
83092,0.813409582341378,"tmin",0.0363656364592748,0.133365101141635,"US",5,0.25817416199544
83094,0.817727242607751,"tmin",0.00079063464613657,0.966738390331204,"US",5,0.532782489604647
85010,0.817298682604198,"tmin",0.0746352541997768,0.0105263728649214,"US",7,0.35418260128457
85011,0.790283354323633,"tmin",0.0836752158237756,0.00293612132478487,"US",5,-0.145765113857187
87014,0.754788441491229,"tmin",0.0673312789396731,0.00387623949568726,"US",2,0.0391928653560311
87015,0.774379531161198,"tmin",0.0671931048736832,0.00398985128884803,"US",2,0.0336128599262905
88003,0.827680701236758,"tmin",0.0523961227542879,0.0235977881587029,"US",2,0.0228470089191208
88004,0.806263391688753,"tmin",0.0461768017513867,0.0385033366098771,"US",6,-0.063956604313552
88005,0.765051005415525,"tmin",0.0670757209088013,0.00373606559280876,"US",2,0.0573331079792669
88007,0.750477586535585,"tmin",0.0564637785393268,0.0125019121246465,"US",2,0.0450605272366992
88014,0.85651090602087,"tmin",0.0524405203332434,0.0121278383186277,"US",4,-0.07573715379474
88021,0.780590300749375,"tmin",0.0660204158516373,0.00373764358543781,"US",4,-0.106595813502148
88023,0.791302720946325,"tmin",0.055845253135609,0.0139533380178031,"US",4,-0.093970307705068
88025,0.757747991260455,"tmin",0.0651359610274385,0.00673468004437199,"US",4,-0.136726901197475
88026,0.751174157999541,"tmin",0.0808586486112326,0.0011569485282702,"US",4,-0.078606981091544
88028,0.776568006416981,"tmin",0.0617090227616975,0.0129620412511107,"US",4,-0.163953755486301
88029,0.808508161041411,"tmin",0.0837183468488128,0.000772186535427127,"US",4,-0.125369499903082
88030,0.790579903697072,"tmin",0.086955099777187,0.000476815258865173,"US",4,-0.057310039088569
88041,0.750559364805507,"tmin",0.0691932458861793,0.00644285535786636,"US",6,-0.066611550726349
88042,0.788804017830938,"tmin",0.0821617638933786,0.00131383139400398,"US",6,-0.093743828032255
88043,0.723996655331319,"tmin",0.0418939914352535,0.058325987012189,"US",6,-0.089444044505599
88044,0.742798760206603,"tmin",0.0485602536741123,0.0271553772010697,"US",5,0.111077581060104
89001,0.834207360252207,"tmin",0.00726430679949297,0.762076784797659,"US",4,-0.326822569570661
89004,0.729234454400633,"tmin",0.0415724567420145,0.146960363166126,"US",3,-0.0432564220636121
89019,0.768137800050745,"tmin",0.0795593354547893,0.0117359196243831,"US",3,-0.092001565032698
89021,0.866154824975291,"tmin",0.0183869547901565,0.485323758187127,"US",6,-0.175145239518159
90001,0.750741648822513,"tmin",0.0587435661288891,0.00762536808592002,"US",6,-0.057571051982117
90024,0.812448745572893,"tmin",0.0369600318553932,0.0806534536558514,"US",2,0.039406084672397
90031,0.750216683374602,"tmin",0.0783593795130802,0.00116359031490391,"US",6,-0.028809523287935
90033,0.751979542597545,"tmin",0.108064358673123,4.24340758222326e-05,"US",2,0.026849604011621
90036,0.742034533353878,"tmin",0.0640443232213887,0.0066098853472924,"US",6,-0.0441976145055176
90046,0.763424387617459,"tmin",0.0805502339826691,0.000629820014888333,"US",2,0.0435337544796117
90048,0.798460174217674,"tmin",0.0547617037538565,0.0139473569332938,"US",2,0.0448116033031904
90051,0.781765707084998,"tmin",0.0531242836429489,0.0184151134205542,"US",2,0.11160890925877
91001,0.782976181267182,"tmin",0.0332536995365425,0.243817391916976,"US",8,0.261936126805442
91002,0.730581688141196,"tmin",0.0141315808367872,0.624557939395281,"US",6,-0.071243391990731
91003,0.809267457989891,"tmin",0.0294971761476331,0.285759163095704,"US",4,-0.162767076871823
91004,0.791748369248217,"tmin",0.012960720363012,0.657810792571702,"US",4,-0.0614076976409169
91005,0.750741485810203,"tmin",0.0105519977065526,0.725518844374615,"US",6,-0.086930421029543
91007,0.821010526327698,"tmin",0.0272452628737793,0.339961715905087,"US",8,0.196776359973137
91009,0.772793543939326,"tmin",0.0359822276849389,0.166930313571336,"US",6,-0.163348933025818
91010,0.784974309951934,"tmin",0.0375248871595226,0.165294952060178,"US",6,-0.186284434490482
91011,0.826859471822839,"tmin",0.038621700365063,0.158605699917763,"US",8,0.085547574564694
91012,0.7965394746583,"tmin",0.0343434029608532,0.207246302266067,"US",6,-0.174780086421456
91014,0.819983581392997,"tmin",0.0322514539829559,0.204818950469884,"US",6,-0.125686300390258
91015,0.762435011103044,"tmin",0.047775451425855,0.101514474668931,"US",4,-0.099574217378951
91016,0.798121009868442,"tmin",0.050899446863321,0.0592688890326872,"US",8,0.228311542408266
91017,0.774271158133447,"tmin",0.0512305090125048,0.0442773979727206,"US",8,0.151504857063558
91019,0.793716584080557,"tmin",0.0545237919622804,0.0476440146694363,"US",8,0.222510494097529
91020,0.728036387380599,"tmin",0.0442072242823599,0.0896618921190009,"US",8,0.164507421566016
91021,0.797581983882449,"tmin",0.0538964684688392,0.0389418960963467,"US",8,0.189357436713147
91024,0.799548516719187,"tmin",0.0452391517412414,0.107782110550176,"US",4,-0.180061091948954
91025,0.764627249592169,"tmin",0.044007827434707,0.112972778858855,"US",8,0.123869439808205
91030,0.820435667637339,"tmin",0.0139530011078819,0.620980842744093,"US",4,-0.038448850554964
91031,0.769053193389719,"tmin",0.033368945434791,0.223108772498156,"US",6,-0.14441065221836
91033,0.765732435259825,"tmin",0.0497472960250515,0.0661985338861789,"US",6,-0.032351215710012
91039,0.83657640466293,"tmin",0.0516198747714376,0.0374421624932823,"US",6,-0.09888124277677
91040,0.765391928092379,"tmin",0.0492491616993659,0.045536220453434,"US",8,0.12678356183905
91042,0.825677973729821,"tmin",0.045009034359616,0.0702060489438796,"US",6,-0.109697002395926
91043,0.820100634046075,"tmin",0.0316426494084867,0.201595725162894,"US",6,-0.131798319869717
91044,0.774790262358052,"tmin",0.0380325143386061,0.128681253274979,"US",8,0.178642909653376
91045,0.796738898499301,"tmin",0.0421792985356931,0.0985107042874319,"US",8,0.168574426244998
91047,0.815657862148855,"tmin",0.0435407426992122,0.0846294065490274,"US",8,0.105140107749127
91048,0.782279562851586,"tmin",0.0283240200470432,0.319683802845526,"US",8,0.0996749792936692
91049,0.788796046503664,"tmin",0.0314199456050956,0.26495613067046,"US",8,0.077899509989326
91053,0.74603625051099,"tmin",0.0215331727105209,0.36348890508821,"US",6,-0.153293737571269
91054,0.818640517565533,"tmin",0.0271503873234511,0.249647380630895,"US",6,-0.112600762807957
91055,0.771678940708853,"tmin",0.0520303801869344,0.0307733142899391,"US",8,0.096833790600938
91056,0.786015247819319,"tmin",0.0245233120213725,0.304310135835153,"US",6,-0.129429686948276
91057,0.82982758565208,"tmin",0.0303051073842455,0.209474006729825,"US",8,0.240704285807927
91058,0.764172039801047,"tmin",0.0237038253728935,0.309179918933419,"US",6,-0.15374179962744
91059,0.811295190932345,"tmin",0.0298898736291063,0.252305384797384,"US",6,-0.116773280020261
91060,0.810767707331499,"tmin",0.0381128837764896,0.132787822050322,"US",6,-0.153290858433674
91061,0.79261709445829,"tmin",0.0345990271439765,0.158680379742929,"US",6,-0.153799093310991
91062,0.764532303100944,"tmin",0.0335360670940276,0.209270602885353,"US",6,-0.179034595740197
91063,0.825645550778133,"tmin",0.0244110953508594,0.36442952177882,"US",6,-0.0932849534187761
91065,0.783816075961526,"tmin",0.0561247504347128,0.0202867544967876,"US",2,0.0316234099961455
91066,0.771688505705019,"tmin",0.0540858422208257,0.0338901319156407,"US",6,-0.0687397536011409
91069,0.806833758847306,"tmin",-0.00429377632021004,0.877762340142118,"US",6,-0.130275791368705
91070,0.81707334031383,"tmin",0.00486175693165052,0.869722537808145,"US",6,-0.171733276794233
92005,0.791342166951922,"tmin",0.0324982384330237,0.114118689711699,"US",5,0.653058393021279
92017,0.855284837610031,"tmin",0.0771358492162064,0.00113103546685837,"US",5,-0.046954107780711
